-- phpMyAdmin SQL Dump
-- version 5.2.1
-- https://www.phpmyadmin.net/
--
-- Servidor: 127.0.0.1
-- Tiempo de generación: 22-08-2023 a las 15:18:29
-- Versión del servidor: 10.4.28-MariaDB
-- Versión de PHP: 8.0.28

SET SQL_MODE = "NO_AUTO_VALUE_ON_ZERO";
START TRANSACTION;
SET time_zone = "+00:00";


/*!40101 SET @OLD_CHARACTER_SET_CLIENT=@@CHARACTER_SET_CLIENT */;
/*!40101 SET @OLD_CHARACTER_SET_RESULTS=@@CHARACTER_SET_RESULTS */;
/*!40101 SET @OLD_COLLATION_CONNECTION=@@COLLATION_CONNECTION */;
/*!40101 SET NAMES utf8mb4 */;

--
-- Base de datos: `gestion_documental`
--

-- --------------------------------------------------------

--
-- Estructura de tabla para la tabla `tbl_campus`
--

CREATE TABLE `tbl_campus` (
  `campus_id` int(11) NOT NULL,
  `campus_nombre` varchar(100) NOT NULL,
  `campus_estado` int(11) NOT NULL DEFAULT 0
) ENGINE=InnoDB DEFAULT CHARSET=utf8mb4 COLLATE=utf8mb4_general_ci;

--
-- Volcado de datos para la tabla `tbl_campus`
--

INSERT INTO `tbl_campus` (`campus_id`, `campus_nombre`, `campus_estado`) VALUES
(1, 'Campus Ibarra', 0),
(2, 'Campus Tulcán', 0);

-- --------------------------------------------------------

--
-- Estructura de tabla para la tabla `tbl_carrera`
--

CREATE TABLE `tbl_carrera` (
  `CAR_ID` int(11) NOT NULL,
  `CTIP_ID` int(11) NOT NULL DEFAULT 1,
  `CAR_NOMBRE` varchar(500) NOT NULL,
  `CAR_CARRERA` int(11) NOT NULL DEFAULT 0,
  `CAR_ESCUELA` int(11) NOT NULL DEFAULT 0,
  `CAR_PADREESC` int(11) NOT NULL DEFAULT 0,
  `CAR_ACTIVA` varchar(25) NOT NULL,
  `CAR_CAMPUS` int(11) NOT NULL DEFAULT 1,
  `CAR_ESTADO` int(11) NOT NULL DEFAULT 0
) ENGINE=MyISAM DEFAULT CHARSET=utf8 COLLATE=utf8_general_ci;

--
-- Volcado de datos para la tabla `tbl_carrera`
--

INSERT INTO `tbl_carrera` (`CAR_ID`, `CTIP_ID`, `CAR_NOMBRE`, `CAR_CARRERA`, `CAR_ESCUELA`, `CAR_PADREESC`, `CAR_ACTIVA`, `CAR_CAMPUS`, `CAR_ESTADO`) VALUES
(5, 2, 'COMUNICACION', 0, 1, 5, 'No', 1, 0),
(4, 2, 'ARQUITECTURA', 0, 1, 4, 'No', 1, 0),
(6, 2, 'DISEÑO', 0, 1, 6, 'No', 1, 0),
(7, 2, 'ECAA', 0, 1, 7, 'SÍ', 1, 0),
(8, 2, 'ENCI', 0, 1, 8, 'SÍ', 1, 0),
(9, 2, 'GESTURH', 0, 1, 2, 'SÍ', 1, 0),
(10, 2, 'JURISPRUDENCIA', 0, 1, 10, 'SÍ', 1, 0),
(11, 2, 'CIENCIAS SOCIALES Y HUMANÍSTICAS', 0, 1, 11, 'SÍ', 1, 0),
(12, 2, 'INGENIERÍA', 0, 1, 12, 'SÍ', 1, 0),
(14, 2, 'AGROPECUARIA', 1, 0, 7, 'No', 1, 0),
(15, 2, 'ZOOTECNIA', 1, 0, 7, 'SÍ', 1, 0),
(16, 2, 'CIENCIAS AMBIENTALES Y ECODESARROLLO ', 1, 0, 7, 'No', 1, 0),
(17, 2, 'ADMINISTRACIÓN DE EMPRESAS', 1, 0, 8, 'No', 1, 0),
(18, 2, 'COMERCIO INTERNACIONAL ', 1, 0, 8, 'No', 1, 0),
(19, 2, 'CONTABILIDAD SUPERIOR', 1, 0, 8, 'No', 1, 0),
(20, 2, 'INGENIERÍA DE TECNOLOGIAS DE LA INFORMACIÓN ', 1, 0, 12, 'SÍ', 1, 0),
(21, 2, 'GASTRONOMÍA', 1, 0, 9, 'SÍ', 1, 0),
(22, 2, 'TURISMO', 1, 0, 9, 'No', 1, 0),
(23, 2, 'DISEÑO GRÁFICO Y CONTROL DE PROCESOS', 1, 0, 6, 'No', 1, 0),
(24, 2, 'DISEÑO DE PRODUCTOS Y CONTROL DE PROCESOS', 1, 0, 6, 'No', 1, 0),
(25, 2, 'CIENCIAS DE LA EDUCACIÓN EN DOCENCIA TÉCNICA', 1, 0, 11, 'No', 1, 0),
(26, 2, 'ADMINISTRACIÓN DE EMPRESAS COOPERATIVAS', 1, 0, 100, 'No', 1, 0),
(193, 2, 'SECRETARIADO EJECUTIVO BILINGÜE', 1, 0, 20, 'No', 1, 0),
(28, 1, 'MAESTRÍA EN ADMINISTRACIÓN DE EMPRESAS CON MENCIÓN EN GERENCIA DE LA CALIDAD Y PRODUCTIVIDAD', 1, 0, 8, 'No', 1, 0),
(29, 1, 'MAESTRÍA EN ADMINISTRACIÓN DE EMPRESAS CON MENCIÓN EN NEGOCIOS INTERNACIONALES', 1, 0, 8, 'No', 1, 0),
(30, 1, 'ESPECIALIDAD EN ADMINISTRACIÓN DE EMPRESAS CON MENCIÓN EN GERENCIA DE LA CALIDAD Y PRODUCTIVIDAD', 1, 0, 8, 'No', 1, 0),
(31, 1, 'DIPLOMADO SUPERIOR EN IMPLANTACIÓN Y GESTIÓN DE LA CALIDAD CON NORMAS ISO', 1, 0, 8, 'No', 1, 0),
(32, 1, 'MAESTRÍA EN EDUACIÓN Y DISEÑO DE RECURSOS DIDACTICOS CON MENCIÓN: RECURSOS DIGITALES O EN RECURSOS MANIPULATIVOS', 1, 0, 12, 'SÍ', 1, 0),
(33, 1, 'MAESTRÍA EN DESARROLLO DE LA INTELIGENCIA Y EDUCACIÓN', 1, 0, 11, 'No', 1, 0),
(34, 1, 'ESPECIALIDAD EN DESARROLLO DE LA INTELIGENCIA Y EDUCACIÓN', 1, 0, 11, 'No', 1, 0),
(35, 1, 'DIPLOMADO EN DOCENCIA UNIVERSITARIA', 1, 0, 11, 'No', 1, 0),
(36, 1, 'MAESTRÍA EN TECNOLOGÍAS PARA LA GESTIÓN Y PRÁCTICA DOCENTE', 1, 0, 11, 'No', 1, 0),
(37, 1, 'MAESTRÍA EN CIENCIAS DE LA EDUCACIÓN', 1, 0, 11, 'No', 1, 0),
(38, 2, 'LICENCIATURA EN DISEÑO Y PRODUCCIÓN DE VESTUARIO', 1, 0, 6, 'No', 1, 0),
(39, 2, 'DISEÑO', 1, 0, 6, 'No', 1, 0),
(40, 2, 'HOTELERÍA', 1, 0, 9, 'No', 1, 0),
(41, 2, 'ECOTURISMO', 1, 0, 9, 'No', 1, 0),
(42, 2, 'INFORMÁTICA', 1, 0, 12, 'No', 1, 0),
(43, 1, 'MAESTRÍA EN GERENCIA INFORMÁTICA', 1, 0, 12, 'No', 1, 0),
(44, 1, 'ESPECIALIDAD EN GERENCIA INFORMÁTICA', 1, 0, 12, 'No', 1, 0),
(45, 1, 'DIPLOMADO SUPERIOR EN GERENCIA INFORMÁTICA', 1, 0, 12, 'No', 1, 0),
(46, 2, 'COMUNICACIÓN SOCIAL', 1, 0, 5, 'No', 1, 0),
(47, 2, 'CIENCIAS DE LA EDUCACIÓN', 1, 0, 11, 'No', 1, 0),
(48, 2, 'DERECHO', 1, 0, 10, 'SÍ', 1, 0),
(49, 2, 'INGENIERÍA AGROPECUARIA', 1, 0, 7, 'SÍ', 1, 0),
(50, 2, 'LENGUAS Y LINGÜÍSTICA', 0, 1, 50, 'No', 1, 0),
(69, 2, 'COMUNICACIÓN', 1, 0, 5, 'SÍ', 1, 0),
(51, 2, 'LINGÜÍSTICA APLICADA CON MENCIÓN EN ENSEÑANZA DE LENGUAS', 1, 0, 50, 'No', 1, 0),
(53, 2, 'QUICHUA', 1, 0, 50, 'No', 1, 0),
(54, 1, 'MAESTRÍA EN LINGUISTICA APLICADA A LA ENSEÑANZA BILINGUE ESPAÑOL INGLES', 1, 0, 50, 'No', 1, 0),
(55, 1, 'MAESTRÍA EN GESTIÓN DE RIESGOS CON MENCIÓN PREVECIÓN DE RIESGOS LABORALES', 1, 0, 8, 'SÍ', 1, 0),
(56, 1, 'MAESTRÍA EN GESTIÓN DEL TALENTO HUMANO', 1, 0, 8, 'SÍ', 1, 0),
(194, 1, 'MAESTRÍA EN INNOVACIÓN EN EDUCACIÓN', 1, 0, 11, 'SÍ', 1, 0),
(58, 2, 'TECNOLOGÍAS DE LA INFORMACIÓN', 1, 0, 12, 'No', 1, 0),
(59, 1, 'MAESTRÍA EN COMUNICACIÓN POLÍTICA', 1, 0, 5, 'No', 1, 0),
(66, 2, 'CONTABILIDAD Y AUDITORÍA', 1, 0, 8, 'No', 1, 0),
(65, 2, 'NEGOCIOS INTERNACIONES', 1, 0, 8, 'SÍ', 1, 0),
(67, 2, 'INGENIERÍA AMBIENTAL', 1, 0, 7, 'SÍ', 1, 0),
(60, 1, 'MAESTRÍA EN PEDAGOGÍA DEL INGLES COMO LENGUA EXTRANGERA', 1, 0, 11, 'SÍ', 1, 0),
(61, 1, 'MAESTRÍA EN TECNOLOGÍAS DE LA INFORMACIÓN', 1, 0, 12, 'SÍ', 1, 0),
(62, 1, 'MAESTRÍA EN PRODUCCIÓN ANIMAL CON MENCIÓN EN BOVINOS DE CARNE Y LECHE', 1, 0, 7, 'SÍ', 1, 0),
(63, 1, 'MAESTRÍA EN AGRONOMÍA CON MENCIÓN EN SANIDAD VEGETAL Y AGROECOLOGÍA', 1, 0, 7, 'SÍ', 1, 0),
(1, 2, 'CONSTRUCCIONES CIVILES', 0, 1, 1, 'No', 1, 0),
(70, 2, 'DISEÑO GRÁFICO', 1, 0, 6, 'SÍ', 1, 0),
(71, 2, 'DISEÑO TEXTIL E INDUMENTARIA', 1, 0, 6, 'No', 1, 0),
(73, 1, 'MAESTRIA EN CONTABILIDAD Y AUDITORIA CON MENCIÓN EN RIESGOS OPERATIVOS Y FINANCIEROS', 1, 0, 8, 'SÍ', 1, 0),
(136, 2, 'ARQUITECTURA DISEÑO Y ARTES', 0, 1, 4, 'SÍ', 1, 0),
(75, 2, 'ADMINISTRACIÓN DE EMPRESAS', 1, 0, 8, 'SÍ', 1, 0),
(78, 3, 'TECNOLOGÍA EN DISEÑO', 1, 0, 6, 'No', 1, 0),
(79, 2, 'DISEÑO GRÁFICO, COMINICACIÓN VISUAL Y DOCENCIA', 1, 0, 6, 'No', 1, 0),
(80, 2, 'DISEÑO DE PRODUCTOS Y DOCENCIA', 1, 0, 6, 'No', 1, 0),
(81, 2, 'LICENCIATURA EN DISEÑO', 1, 0, 6, 'No', 1, 0),
(82, 3, 'TECNOLOGÍA AGROPECUARIA', 1, 0, 7, 'No', 1, 0),
(88, 1, 'MAESTRÍA EN COMUNICACIÓN POLÍTICA MENCIÓN TRANSPARENCIA INSTITUCIONAL', 1, 0, 0, 'No', 1, 0),
(129, 2, 'TECNOLOGÍA SUPERIOR EN GESTIÓN CULINARIA', 1, 0, 98, 'SÍ', 1, 0),
(127, 3, 'TECNOLOGÍA SUPERIOR EN CONSTRUCCIÓN', 1, 0, 98, 'SÍ', 1, 0),
(95, 1, 'MAESTRÍA EN NEGOCIOS INTERNACIONALES', 1, 0, 8, 'No', 1, 0),
(98, 3, 'TECNOLOGÍAS-PUCE TEC', 0, 1, 3, 'SÍ', 1, 0),
(105, 2, 'INGENIERÍA EN INFORMÁTICA EN REDES', 1, 0, 12, 'No', 1, 0),
(100, 3, 'TÉCNICO SUPERIOR EN ENFERMERÍA', 1, 0, 98, 'SÍ', 1, 0),
(101, 3, 'TECNOLOGÍA SUPERIOR EN DESARROLLO DE SOFTWARE', 1, 0, 98, 'SÍ', 1, 0),
(102, 3, 'TECNOLOGÍA SUPERIOR EN GESTIÓN CULINARIA', 1, 0, 98, 'SÍ', 1, 0),
(103, 3, 'TECNOLOGÍA SUPERIOR EN PROCESAMIENTO DE LÁCTEOS', 1, 0, 98, 'SÍ', 1, 0),
(104, 3, 'TECNOLOGÍA SUPERIOR EN ATENCIÓN INTEGRAL A ADULTOS MAYORES', 1, 0, 98, 'SÍ', 1, 0),
(106, 3, 'TECNOLOGÍA EN INFORMÁTICA ', 1, 0, 12, 'No', 1, 0),
(107, 3, 'TECNOLOGÍA SUPERIOR EN ADMINISTRACIÓN DE LAS ORGANIZACIONES DE LA ECONOMÍA POPULAR Y SOLIDARIA', 1, 0, 98, 'No', 1, 0),
(156, 2, 'PEDAGOGÍA DE LOS IDIOMAS EXTRANGEROS NACIONALES Y EXTRANGEROS', 1, 0, 11, 'SÍ', 1, 0),
(109, 1, 'DISEÑO Y PRODUCCIÓN DE VESTUARIO', 1, 0, 6, 'No', 1, 0),
(110, 1, 'INGENIERO COMERCIAL MENCIÓN ADMINISTRADOR', 1, 0, 8, 'No', 1, 0),
(111, 1, 'INGENIERO COMERCIAL ENFASIS EN FINANZAS', 1, 0, 8, 'No', 1, 0),
(112, 1, 'INGENIERÍA COMERCIAL MENCIÓN MERCADOTECNIA', 1, 0, 8, 'No', 1, 0),
(113, 1, 'CONTADOR PÚBLICO AUTORIZADO', 1, 0, 8, 'No', 1, 0),
(114, 2, 'AUDITORÍA Y GESTIÓN CONTABLE INFORMATIZADA', 1, 0, 8, 'SÍ', 1, 0),
(115, 2, 'INGENIERÍA CIVIL', 1, 0, 4, 'SÍ', 1, 0),
(117, 1, 'MAESTRÍA EN GESTION EN SALUD INTEGRAL, FAMILIAR, COMUNITARIA E INTERCULTURAL', 1, 0, 11, 'SÍ', 1, 0),
(118, 1, 'MAESTRÍA EN DERECHO CON MENCIÓN EN ARGUMENTACIÓN JURÍDICA Y LITIGACIÓN ORAL', 1, 0, 10, 'SÍ', 1, 0),
(119, 1, 'MAESTRÍA EN DERECHO PENAL', 1, 0, 10, 'SÍ', 1, 0),
(120, 1, 'MAESTRÍA EN DERECHO CONSTITUCIONAL', 1, 0, 10, 'SÍ', 1, 0),
(122, 1, 'MAESTRÍA EN GESTIÓN DE LA EDUCACIÓN SUPERIOR CON MENCIÓN EN: LIDERAZGO Y PLANIFICACIÓN O EVALUACIÓN Y ASEGURAMIENTO DE LA CALIDAD', 1, 0, 8, 'SÍ', 1, 0),
(128, 3, 'TECNOLOGÍA SUPERIOR EN EMPRENDIMIENTO', 1, 0, 98, 'SÍ', 1, 0),
(131, 2, 'COMERCIO INTERNACIONAL (TULCÁN)', 0, 1, 101, 'No', 2, 0),
(130, 2, 'ADMINISTRACIÓN DE EMPRESAS (TULCÁN)', 0, 1, 100, 'No', 2, 0),
(132, 2, 'CIENCIAS DE LA EDUCACIÓN (TULCÁN)', 0, 1, 102, 'No', 2, 0),
(133, 2, 'SECRETARIADO EJECUTIVO BILINGÜE (TULCÁN)', 0, 1, 104, 'No', 2, 0),
(134, 2, 'CONSTRUCCIONES CIVILES (TULCÁN)', 1, 0, 105, 'No', 2, 0),
(135, 2, 'INFORMÁTICA (TULCÁN)', 0, 1, 106, 'No', 2, 0),
(137, 2, 'CONSTRUCCIONES CIVILES (TULCÁN)', 0, 1, 105, 'No', 2, 0),
(138, 2, 'ENCI (TULCÁN)', 0, 1, 107, 'No', 2, 0),
(139, 2, 'EMPRESAS COOPERATIVAS', 1, 0, 100, 'No', 2, 0),
(140, 3, 'EMPRESAS COOPERATIVAS (TECNOLOGíA)', 1, 0, 100, 'No', 2, 0),
(141, 2, 'CONTABILIDAD SUPERIOR', 1, 0, 100, 'No', 2, 0),
(142, 2, 'ADMINISTRACIÓN DE  EMPRESAS', 1, 0, 100, 'No', 2, 0),
(143, 2, 'INGENIERÍA EN ADMINISTRACIÓN EMPRESAS', 1, 0, 100, 'No', 2, 0),
(144, 2, 'COMERCIO INTERNACIONAL', 1, 0, 100, 'No', 2, 0),
(145, 2, 'INGENIERÍA COMERCIAL ADMINISTRADOR', 1, 0, 100, 'No', 2, 0),
(146, 3, 'COMERCIO INTERNACIONAL (TECNOLOGíA)', 1, 0, 101, 'No', 2, 0),
(147, 2, 'DOCENCIA PRIMARIA', 1, 0, 102, 'No', 2, 0),
(148, 2, 'HISTORIA Y GEOGRAFÍA', 1, 0, 102, 'No', 2, 0),
(149, 2, 'LENGUA Y LITERATURA', 1, 0, 102, 'No', 2, 0),
(150, 2, 'DOCENCIA SECUNDARIA PEDAGOGÍA', 1, 0, 102, 'No', 2, 0),
(151, 3, 'SECRETARIADO EJECUTIVO BILINGÜE', 1, 0, 104, 'No', 2, 0),
(152, 3, 'CONSTRUCCIONES CIVILES', 1, 0, 105, 'No', 2, 0),
(153, 3, 'INFORMATICA (TECNOLOGÍA)', 1, 0, 106, 'No', 2, 0),
(154, 2, 'INFORMATICA', 1, 0, 106, 'No', 2, 0),
(155, 2, 'ARQUITECTURA', 1, 0, 4, 'SÍ', 1, 0),
(157, 2, 'INGENIERÍA COMERCIAL', 1, 0, 8, 'No', 1, 0),
(158, 2, 'INGENIERÍA COMERCIAL: ADMINISTRADOR Y MENCIÓN CONTABILIDAD', 1, 0, 8, 'No', 1, 0),
(159, 2, 'INGENIERO/A EN COMERCIO Y NEGOCIOS INTERNACIONALES', 1, 0, 8, 'No', 1, 0),
(160, 2, 'INGENIERÍA EN FINANZAS', 1, 0, 8, 'No', 1, 0),
(161, 2, 'INGENIERÍA COMERCIAL MENCIÓN EN MERCADOTECNIA', 1, 0, 8, 'No', 1, 0),
(162, 2, 'INGENIERO/A EN CONTABILIDAD Y AUDITORÍA CPA', 1, 0, 8, 'No', 1, 0),
(163, 2, 'CIENCIAS AGRÍCOLAS Y ANDINA (ECAA)', 1, 0, 7, 'No', 1, 0),
(164, 2, 'CIENCIAS AGRÍCOLAS Y ANDINA (ECAA) INGENIERÍA', 1, 0, 7, 'No', 1, 0),
(165, 2, 'INSTITUTO DE CIENCIAS AMBIENTALES', 1, 0, 7, 'No', 1, 0),
(166, 2, 'EDUCOMUNICACIÓN', 1, 0, 7, 'No', 1, 0),
(167, 2, 'COMUNICACIÓN VISUAL Y DOCENCIA', 1, 0, 6, 'No', 1, 0),
(168, 2, 'LICENCIADO EN PLANIFICACIÓN TURÍSTICA Y LICENCIADO EN ADMINISTRACIÓN HOTELERA', 1, 0, 9, 'No', 1, 0),
(169, 2, 'TURISMO Y ADMINISTRACIÓN HOTELERA', 1, 0, 9, 'No', 1, 0),
(170, 2, 'ABOGADO/A', 1, 0, 10, 'No', 1, 0),
(171, 2, 'DOCENCIA PRIMARIA', 1, 0, 11, 'No', 1, 0),
(172, 2, 'EDUCACIÓN FÍSICA', 1, 0, 11, 'No', 1, 0),
(173, 2, 'DOCENCIA PRE-PRIMARIA', 1, 0, 11, 'No', 1, 0),
(174, 2, 'HISTORIA Y GEOGRAFÍA', 1, 0, 11, 'No', 1, 0),
(175, 2, 'DOCENCIA SECUNDARIA', 1, 0, 11, 'No', 1, 0),
(176, 2, 'CASTELLANO Y LITERATURA', 1, 0, 11, 'No', 1, 0),
(177, 2, 'PEDAGOGÍA', 1, 0, 11, 'No', 1, 0),
(178, 2, 'EDUACIÓN BÁSICA', 1, 0, 11, 'No', 1, 0),
(179, 2, 'CIENCIAS RELOGIOSAS', 1, 0, 11, 'No', 1, 0),
(180, 2, 'DOCENCIA TÉCNICA', 1, 0, 11, 'No', 1, 0),
(181, 2, 'INSTITUTO DE LENGUAS Y LINGÜÍSTICA ', 1, 0, 50, 'No', 1, 0),
(182, 2, 'LENGUAS Y LINGÜÍSTICA', 1, 0, 50, 'No', 1, 0),
(183, 2, 'LICENCIATURA EN CIENCIAS DE LA EDUCACIÓN ENSEÑANZA DE ESPAÑOL COMO SEGUNDA LENGUA', 1, 0, 50, 'No', 1, 0),
(184, 2, 'LICENCIATURA EN LINGÜÍSTICA APLICADA CON MENCIONES EN TRADUCCIÓN Y ENSEÑANZA DE LENGUAS', 1, 0, 50, 'No', 1, 0),
(185, 2, 'MANDOS MEDIOS EN INGENIERÍA CIVIL', 1, 0, 105, 'No', 1, 0),
(186, 2, 'LICENCIATURA EN INFORMÁTICA', 1, 0, 12, 'No', 1, 0),
(187, 2, 'INGENIERÍA EN INFORMÁTICA', 1, 0, 12, 'No', 1, 0),
(188, 2, 'INGENIERÍA EN INFORMÁTICA Y MULTIMEDIA', 1, 0, 12, 'No', 1, 0),
(189, 2, 'INGENIERÍA EN INFORMÁTICA EN REDES DE INFORMACIÓN', 1, 0, 12, 'No', 1, 0),
(190, 2, 'INGENIERÍA EN SISTEMAS', 1, 0, 12, 'No', 1, 0),
(191, 2, 'ARQUITECTO', 1, 0, 4, 'No', 1, 0),
(195, 1, 'MAESTRÍA EN ADMINISTRACIÓN DE EMPRESAS CON MENCIÓN EN NEGOCIOS INTERNACIONALES', 1, 0, 8, 'No', 1, 0),
(196, 1, 'ESPECIALIDAD EN ADMINISTRACIÓN DE EMPRESAS CON MENCIÓN EN GERENCIA DE LA CALIDAD Y PRODUCTIVIDAD', 1, 0, 8, 'No', 1, 0),
(197, 1, 'DIPLOMADO SUPERIOR EN IMPLANTACIÓN Y GESTIÓN DE LA CALIDAD CON NORMAS ISO', 1, 0, 8, 'No', 1, 0),
(198, 1, 'MAESTRÍA EN MANEJO COMUNITARIO DE RECURSOS NATURALES', 0, 0, 7, 'No', 1, 0),
(199, 1, 'MAESTRÍA EN DESARROLLO DE LA INTELIGENCIA Y EDUCACIÓN', 0, 0, 102, 'No', 1, 0),
(200, 1, 'DIPLOMADO EN DOCENCIA UNIVERSITARIA', 0, 0, 102, 'No', 1, 0),
(201, 1, 'MAESTRÍA EN TECNOLOGÍAS PARA LA GESTIÓN Y LA PRÁCTICA DOCENTE', 0, 0, 102, 'No', 1, 0),
(202, 1, 'MAESTRÍA EN CIENCIAS DE LA EDUCACIÓN', 0, 0, 102, 'No', 1, 0),
(203, 1, 'LICENCIATURA EN DISEÑO Y PRODUCCIÓN DE VESTUARIO', 0, 0, 6, 'No', 1, 0),
(204, 1, 'MAESTRÍA EN GERENCIA INFORMÁTICA', 0, 0, 12, 'No', 1, 0),
(205, 1, 'ESPECIALIDAD EN GERENCIA INFORMÁTICA', 0, 0, 12, 'No', 1, 0),
(206, 1, 'DIPLOMADO SUPERIOR GERENCIA INFORMÁTICA', 0, 0, 12, 'No', 1, 0),
(207, 1, 'MAESTRÍA EN LINGÜÍSTICA APLICADA A LA ENSEÑANZA BILINGÜE ESPAÑOL INGLES', 0, 0, 50, 'No', 1, 0),
(208, 2, 'CIENCIAS DE LA EDUCACIÓN', 0, 1, 30, 'No', 1, 0),
(209, 2, 'INFORMÁTICA', 0, 1, 31, 'No', 1, 0),
(210, 2, 'SECRETARIADO EJECUTIVO Y BILINGÜE', 0, 1, 32, 'No', 1, 0);

-- --------------------------------------------------------

--
-- Estructura de tabla para la tabla `tbl_carrera_tipo`
--

CREATE TABLE `tbl_carrera_tipo` (
  `CTIP_ID` int(11) NOT NULL,
  `CTIP_NOMBRE` varchar(50) NOT NULL,
  `CTIP_ESTADO` int(11) NOT NULL DEFAULT 0
) ENGINE=InnoDB DEFAULT CHARSET=utf8 COLLATE=utf8_general_ci;

--
-- Volcado de datos para la tabla `tbl_carrera_tipo`
--

INSERT INTO `tbl_carrera_tipo` (`CTIP_ID`, `CTIP_NOMBRE`, `CTIP_ESTADO`) VALUES
(1, 'Posgrado', 0),
(2, 'Grado', 0),
(3, 'Tecnología', 0);

-- --------------------------------------------------------

--
-- Estructura de tabla para la tabla `tbl_escuela`
--

CREATE TABLE `tbl_escuela` (
  `esc_id` int(11) NOT NULL,
  `esc_padre` int(11) NOT NULL,
  `esc_nombre` varchar(255) NOT NULL,
  `esc_campus` int(11) NOT NULL DEFAULT 1,
  `esc_vigente` int(11) NOT NULL DEFAULT 2,
  `esc_estado` int(11) NOT NULL DEFAULT 0
) ENGINE=InnoDB DEFAULT CHARSET=utf8mb4 COLLATE=utf8mb4_general_ci;

--
-- Volcado de datos para la tabla `tbl_escuela`
--

INSERT INTO `tbl_escuela` (`esc_id`, `esc_padre`, `esc_nombre`, `esc_campus`, `esc_vigente`, `esc_estado`) VALUES
(3, 1, 'INGENIERÍA CIVIL', 1, 1, 0),
(4, 4, 'ARQUITECTURA', 1, 2, 0),
(5, 5, 'COMUNICACIÓN', 1, 2, 0),
(6, 6, 'DISEÑO', 1, 2, 0),
(7, 7, 'ECAA', 1, 1, 0),
(8, 8, 'ENCI', 1, 1, 0),
(9, 9, 'GESTIÓN DE EMPRESAS TURÍSTICAS Y HOTELERAS', 1, 1, 0),
(10, 10, 'JURISPRUDENCIA', 1, 1, 0),
(11, 11, 'CIENCIAS SOCIALES Y HUMANÍSTICAS', 1, 1, 0),
(12, 12, 'INGENIERÍA', 1, 1, 0),
(13, 13, 'ARQUITECTURA DISEÑO Y ARTES', 1, 1, 0),
(14, 50, 'LENGUAS Y LINGÜÍSTICA', 1, 2, 0),
(15, 98, 'PUCE-TEC', 1, 1, 0),
(16, 100, 'ADMINISTRACIÓN DE EMPRESAS', 2, 2, 0),
(17, 101, 'COMERCIO INTERNACIONAL', 2, 2, 0),
(18, 102, 'CIENCIAS DE LA EDUCACIÓN', 2, 2, 0),
(20, 104, 'ESCUELA SECRETARIADO EJECUTIVO BILINGÜE', 2, 2, 0),
(21, 105, 'CONSTRUCCIONES CIVILES', 2, 2, 0),
(22, 106, 'INFORMÁTICA', 2, 2, 0),
(23, 20, 'SECRETARIADO EJECUTIVO BILINGUE', 1, 2, 0);

-- --------------------------------------------------------

--
-- Estructura de tabla para la tabla `tbl_estadistica_matriz`
--

CREATE TABLE `tbl_estadistica_matriz` (
  `ESTM_ID` int(11) NOT NULL,
  `ESTM_TIPO` int(11) NOT NULL DEFAULT 0,
  `ESTM_CONDICION` int(11) NOT NULL DEFAULT 0,
  `ESTM_TIPO_GRADO` int(11) NOT NULL DEFAULT 0,
  `ESTM_PERIODO` int(11) NOT NULL DEFAULT 0,
  `ESTM_CARRERA` int(11) DEFAULT 0,
  `ESTM_GENERO_H` int(11) DEFAULT 0,
  `ESTM_GENERO_M` int(11) DEFAULT 0,
  `ESTM_ETNIA_MESTIZO_H` int(11) DEFAULT 0,
  `ESTM_ETNIA_MESTIZO_M` int(11) DEFAULT 0,
  `ESTM_ETNIA_INDIGENA_H` int(11) DEFAULT 0,
  `ESTM_ETNIA_INDIGENA_M` int(11) DEFAULT 0,
  `ESTM_ETNIA_AFRO_H` int(11) DEFAULT 0,
  `ESTM_ETNIA_AFRO_M` int(11) DEFAULT 0,
  `ESTM_ETNIA_MONTUBIO_H` int(11) DEFAULT 0,
  `ESTM_ETNIA_MONTUBIO_M` int(11) DEFAULT 0,
  `ESTM_ETNIA_MULATO_H` int(11) DEFAULT 0,
  `ESTM_ETNIA_MULATO_M` int(11) DEFAULT 0,
  `ESTM_ETNIA_NEGRO_H` int(11) DEFAULT 0,
  `ESTM_ETNIA_NEGRO_M` int(11) DEFAULT 0,
  `ESTM_ETNIA_BLANCO_H` int(11) DEFAULT 0,
  `ESTM_ETNIA_BLANCO_M` int(11) DEFAULT 0,
  `ESTM_NACIONALIDAD_EC_H` int(11) DEFAULT 0,
  `ESTM_NACIONALIDAD_EC_M` int(11) DEFAULT 0,
  `ESTM_NACIONALIDAD_COL_H` int(11) DEFAULT 0,
  `ESTM_NACIONALIDAD_COL_M` int(11) DEFAULT 0,
  `ESTM_NACIONALIDAD_ESP_H` int(11) DEFAULT 0,
  `ESTM_NACIONALIDAD_ESP_M` int(11) DEFAULT 0,
  `ESTM_NACIONALIDAD_FRA_H` int(11) DEFAULT 0,
  `ESTM_NACIONALIDAD_FRA_M` int(11) DEFAULT 0,
  `ESTM_NACIONALIDAD_USA_H` int(11) DEFAULT 0,
  `ESTM_NACIONALIDAD_USA_M` int(11) DEFAULT 0,
  `ESTM_NACIONALIDAD_PER_H` int(11) DEFAULT 0,
  `ESTM_NACIONALIDAD_PER_M` int(11) DEFAULT 0,
  `ESTM_NACIONALIDAD_RUM_H` int(11) DEFAULT 0,
  `ESTM_NACIONALIDAD_RUM_M` int(11) DEFAULT NULL,
  `ESTM_NACIONALIDAD_CUB_H` int(11) DEFAULT 0,
  `ESTM_NACIONALIDAD_CUB_M` int(11) DEFAULT 0,
  `ESTM_NACIONALIDAD_URC_H` int(11) DEFAULT 0,
  `ESTM_NACIONALIDAD_URC_M` int(11) DEFAULT 0,
  `ESTM_NACIONALIDAD_VEN_H` int(11) DEFAULT 0,
  `ESTM_NACIONALIDAD_VEN_M` int(11) DEFAULT 0,
  `ESTM_DISCAPACIDAD_H` int(11) DEFAULT 0,
  `ESTM_DISCAPACIDAD_M` int(11) DEFAULT 0,
  `ESTM_TOTAL` int(11) DEFAULT 0,
  `ESTM_SEDE` int(11) NOT NULL DEFAULT 1,
  `ESTM_ESTADO` int(11) NOT NULL DEFAULT 0
) ENGINE=InnoDB DEFAULT CHARSET=utf8 COLLATE=utf8_general_ci;

--
-- Volcado de datos para la tabla `tbl_estadistica_matriz`
--

INSERT INTO `tbl_estadistica_matriz` (`ESTM_ID`, `ESTM_TIPO`, `ESTM_CONDICION`, `ESTM_TIPO_GRADO`, `ESTM_PERIODO`, `ESTM_CARRERA`, `ESTM_GENERO_H`, `ESTM_GENERO_M`, `ESTM_ETNIA_MESTIZO_H`, `ESTM_ETNIA_MESTIZO_M`, `ESTM_ETNIA_INDIGENA_H`, `ESTM_ETNIA_INDIGENA_M`, `ESTM_ETNIA_AFRO_H`, `ESTM_ETNIA_AFRO_M`, `ESTM_ETNIA_MONTUBIO_H`, `ESTM_ETNIA_MONTUBIO_M`, `ESTM_ETNIA_MULATO_H`, `ESTM_ETNIA_MULATO_M`, `ESTM_ETNIA_NEGRO_H`, `ESTM_ETNIA_NEGRO_M`, `ESTM_ETNIA_BLANCO_H`, `ESTM_ETNIA_BLANCO_M`, `ESTM_NACIONALIDAD_EC_H`, `ESTM_NACIONALIDAD_EC_M`, `ESTM_NACIONALIDAD_COL_H`, `ESTM_NACIONALIDAD_COL_M`, `ESTM_NACIONALIDAD_ESP_H`, `ESTM_NACIONALIDAD_ESP_M`, `ESTM_NACIONALIDAD_FRA_H`, `ESTM_NACIONALIDAD_FRA_M`, `ESTM_NACIONALIDAD_USA_H`, `ESTM_NACIONALIDAD_USA_M`, `ESTM_NACIONALIDAD_PER_H`, `ESTM_NACIONALIDAD_PER_M`, `ESTM_NACIONALIDAD_RUM_H`, `ESTM_NACIONALIDAD_RUM_M`, `ESTM_NACIONALIDAD_CUB_H`, `ESTM_NACIONALIDAD_CUB_M`, `ESTM_NACIONALIDAD_URC_H`, `ESTM_NACIONALIDAD_URC_M`, `ESTM_NACIONALIDAD_VEN_H`, `ESTM_NACIONALIDAD_VEN_M`, `ESTM_DISCAPACIDAD_H`, `ESTM_DISCAPACIDAD_M`, `ESTM_TOTAL`, `ESTM_SEDE`, `ESTM_ESTADO`) VALUES
(1, 2, 3, 0, 9, 4, 9, 4, 8, 4, 1, 0, 0, 0, 0, 0, 0, 0, 0, 0, 0, 0, 9, 4, 0, 0, 0, 0, 0, 0, 0, 0, 0, 0, 0, 0, 0, 0, 0, 0, 0, 0, 0, 0, 13, 1, 0),
(2, 2, 3, 0, 1, 4, 1, 1, 1, 1, 0, 0, 0, 0, 0, 0, 0, 0, 0, 0, 0, 0, 1, 1, 0, 0, 0, 0, 0, 0, 0, 0, 0, 0, 0, 0, 0, 0, 0, 0, 0, 0, 0, 0, 2, 1, 0),
(3, 2, 3, 0, 1, 4, 4, 5, 4, 5, 0, 0, 0, 0, 0, 0, 0, 0, 0, 0, 0, 0, 4, 5, 0, 0, 0, 0, 0, 0, 0, 0, 0, 0, 0, 0, 0, 0, 0, 0, 0, 0, 0, 0, 9, 1, 0),
(4, 2, 3, 0, 1, 4, 4, 8, 4, 8, 0, 0, 0, 0, 0, 0, 0, 0, 0, 0, 0, 0, 4, 8, 0, 0, 0, 0, 0, 0, 0, 0, 0, 0, 0, 0, 0, 0, 0, 0, 0, 0, 0, 0, 12, 1, 0),
(5, 2, 3, 0, 1, 4, 11, 2, 9, 2, 2, 0, 0, 0, 0, 0, 0, 0, 0, 0, 0, 0, 11, 2, 0, 0, 0, 0, 0, 0, 0, 0, 0, 0, 0, 0, 0, 0, 0, 0, 0, 0, 0, 0, 13, 1, 0),
(6, 2, 3, 0, 10, 4, 8, 3, 7, 3, 1, 0, 0, 0, 0, 0, 0, 0, 0, 0, 0, 0, 8, 3, 0, 0, 0, 0, 0, 0, 0, 0, 0, 0, 0, 0, 0, 0, 0, 0, 0, 0, 0, 0, 11, 1, 0),
(7, 2, 3, 0, 10, 4, 5, 0, 5, 0, 0, 0, 0, 0, 0, 0, 0, 0, 0, 0, 0, 0, 5, 0, 0, 0, 0, 0, 0, 0, 0, 0, 0, 0, 0, 0, 0, 0, 0, 0, 0, 0, 0, 0, 5, 1, 0),
(8, 2, 3, 0, 10, 4, 3, 8, 3, 8, 0, 0, 0, 0, 0, 0, 0, 0, 0, 0, 0, 0, 3, 8, 0, 0, 0, 0, 0, 0, 0, 0, 0, 0, 0, 0, 0, 0, 0, 0, 0, 0, 0, 0, 11, 1, 0),
(9, 2, 3, 1, 10, 4, 16, 14, 15, 1, 1, 13, 0, 0, 0, 0, 0, 0, 0, 0, 0, 0, 16, 14, 0, 0, 0, 0, 0, 0, 0, 0, 0, 0, 0, 0, 0, 0, 0, 0, 0, 0, 0, 0, 30, 1, 0),
(10, 2, 3, 1, 10, 4, 5, 9, 4, 8, 0, 1, 1, 0, 0, 0, 0, 0, 0, 0, 0, 0, 5, 9, 0, 0, 0, 0, 0, 0, 0, 0, 0, 0, 0, 0, 0, 0, 0, 0, 0, 0, 0, 0, 14, 1, 0),
(11, 2, 3, 0, 16, 4, 21, 10, 19, 9, 2, 1, 0, 0, 0, 0, 0, 0, 0, 0, 0, 0, 21, 10, 0, 0, 0, 0, 0, 0, 0, 0, 0, 0, 0, 0, 0, 0, 0, 0, 0, 0, 0, 0, 31, 1, 0),
(12, 2, 3, 1, 16, 4, 5, 6, 3, 5, 2, 1, 0, 0, 0, 0, 0, 0, 0, 0, 0, 0, 5, 6, 0, 0, 0, 0, 0, 0, 0, 0, 0, 0, 0, 0, 0, 0, 0, 0, 0, 0, 0, 0, 11, 1, 0),
(13, 2, 3, 0, 16, 4, 24, 17, 23, 17, 1, 0, 0, 0, 0, 0, 0, 0, 0, 0, 0, 0, 24, 17, 0, 0, 0, 0, 0, 0, 0, 0, 0, 0, 0, 0, 0, 0, 0, 0, 0, 0, 0, 0, 41, 1, 0),
(14, 2, 3, 0, 16, 4, 3, 4, 3, 4, 0, 0, 0, 0, 0, 0, 0, 0, 0, 0, 0, 0, 3, 4, 0, 0, 0, 0, 0, 0, 0, 0, 0, 0, 0, 0, 0, 0, 0, 0, 0, 0, 0, 0, 7, 1, 0),
(15, 2, 3, 1, 16, 4, 11, 11, 10, 9, 1, 2, 0, 0, 0, 0, 0, 0, 0, 0, 0, 0, 11, 11, 0, 0, 0, 0, 0, 0, 0, 0, 0, 0, 0, 0, 0, 0, 0, 0, 0, 0, 0, 0, 22, 1, 0),
(16, 2, 3, 1, 16, 4, 9, 2, 6, 2, 3, 0, 0, 0, 0, 0, 0, 0, 0, 0, 0, 0, 9, 2, 0, 0, 0, 0, 0, 0, 0, 0, 0, 0, 0, 0, 0, 0, 0, 0, 0, 0, 0, 0, 11, 1, 0),
(17, 2, 1, 0, 16, 4, 231, 117, 211, 108, 18, 8, 2, 1, 0, 0, 0, 0, 0, 0, 0, 0, 231, 117, 0, 0, 0, 0, 0, 0, 0, 0, 0, 0, 0, 0, 0, 0, 0, 0, 0, 0, 0, 0, 348, 1, 0),
(18, 2, 1, 0, 16, 4, 263, 133, 224, 123, 36, 9, 3, 1, 0, 0, 0, 0, 0, 0, 0, 0, 263, 132, 0, 1, 0, 0, 0, 0, 0, 0, 0, 0, 0, 0, 0, 0, 0, 0, 0, 0, 0, 0, 396, 1, 0),
(19, 2, 1, 0, 16, 4, 239, 114, 207, 101, 31, 12, 1, 0, 0, 0, 0, 0, 0, 0, 0, 0, 239, 113, 0, 1, 0, 0, 0, 0, 0, 0, 0, 0, 0, 0, 0, 0, 0, 0, 0, 0, 0, 0, 353, 1, 0),
(20, 2, 1, 0, 16, 4, 256, 137, 224, 125, 31, 12, 1, 0, 0, 0, 0, 0, 0, 0, 0, 0, 256, 137, 0, 0, 0, 0, 0, 0, 0, 0, 0, 0, 0, 0, 0, 0, 0, 0, 0, 0, 0, 0, 393, 1, 0),
(21, 2, 1, 0, 16, 4, 241, 120, 213, 111, 27, 9, 1, 0, 0, 0, 0, 0, 0, 0, 0, 0, 241, 120, 0, 0, 0, 0, 0, 0, 0, 0, 0, 0, 0, 0, 0, 0, 0, 0, 0, 0, 0, 0, 361, 1, 0),
(22, 2, 1, 0, 16, 4, 277, 142, 236, 125, 28, 13, 2, 2, 1, 0, 0, 0, 0, 0, 11, 1, 277, 142, 0, 0, 0, 0, 0, 0, 0, 0, 0, 0, 0, 0, 0, 0, 0, 0, 0, 0, 0, 1, 419, 1, 0),
(23, 2, 1, 0, 16, 4, 258, 136, 220, 122, 26, 11, 1, 1, 1, 0, 0, 0, 0, 0, 10, 2, 258, 136, 0, 0, 0, 0, 0, 0, 0, 0, 0, 0, 0, 0, 0, 0, 0, 0, 0, 0, 1, 0, 394, 1, 0),
(24, 2, 1, 0, 16, 4, 302, 165, 267, 150, 39, 10, 1, 0, 0, 0, 0, 0, 0, 0, 0, 0, 302, 165, 0, 0, 0, 0, 0, 0, 0, 0, 0, 0, 0, 0, 0, 0, 0, 0, 0, 0, 0, 0, 467, 1, 0),
(25, 2, 1, 0, 16, 4, 288, 153, 246, 138, 32, 13, 8, 1, 1, 0, 0, 0, 0, 0, 1, 1, 288, 153, 0, 0, 0, 0, 0, 0, 0, 0, 0, 0, 0, 0, 0, 0, 0, 0, 0, 0, 0, 1, 441, 1, 0),
(26, 2, 1, 0, 16, 4, 346, 176, 309, 161, 36, 13, 0, 1, 0, 0, 0, 0, 0, 0, 1, 1, 345, 174, 1, 0, 0, 0, 0, 0, 0, 0, 0, 0, 0, 0, 0, 0, 0, 0, 0, 2, 0, 0, 522, 1, 0),
(27, 2, 1, 0, 18, 4, 322, 167, 287, 155, 35, 11, 0, 1, 0, 0, 0, 0, 0, 0, 0, 0, 320, 165, 1, 0, 0, 0, 0, 0, 1, 0, 0, 0, 0, 0, 0, 0, 0, 0, 0, 2, 0, 0, 489, 1, 0),
(28, 2, 1, 0, 18, 4, 358, 183, 323, 174, 35, 8, 0, 1, 0, 0, 0, 0, 0, 0, 0, 0, 356, 181, 1, 0, 0, 0, 0, 0, 1, 0, 0, 0, 0, 0, 0, 0, 0, 0, 0, 2, 2, 0, 541, 1, 0),
(29, 2, 1, 0, 18, 4, 338, 176, 298, 168, 36, 8, 3, 1, 0, 0, 0, 0, 0, 0, 1, 1, 336, 176, 1, 0, 0, 0, 0, 0, 1, 0, 0, 0, 0, 0, 0, 0, 0, 0, 0, 0, 2, 0, 514, 1, 0),
(30, 2, 1, 0, 18, 4, 369, 196, 322, 183, 44, 12, 3, 0, 0, 0, 0, 1, 0, 0, 1, 0, 368, 195, 0, 0, 0, 0, 0, 0, 1, 0, 0, 0, 0, 0, 0, 0, 0, 0, 0, 1, 4, 0, 565, 1, 0),
(31, 2, 1, 0, 18, 4, 513, 0, 473, 0, 31, 5, 0, 0, 0, 0, 0, 0, 0, 0, 4, 0, 510, 0, 2, 0, 0, 0, 0, 0, 0, 0, 0, 0, 0, 0, 1, 0, 0, 0, 0, 0, 5, 0, 513, 1, 0),
(32, 2, 1, 0, 18, 4, 499, 0, 461, 0, 31, 0, 5, 0, 0, 0, 0, 0, 0, 0, 2, 0, 496, 0, 2, 0, 0, 0, 0, 0, 0, 0, 0, 0, 0, 0, 1, 0, 0, 0, 0, 0, 0, 0, 499, 1, 0),
(33, 2, 1, 0, 18, 4, 348, 186, 311, 180, 36, 5, 0, 1, 0, 0, 0, 0, 0, 0, 1, 0, 345, 185, 1, 1, 0, 0, 0, 0, 1, 0, 0, 0, 0, 0, 1, 0, 0, 0, 0, 0, 4, 0, 534, 1, 0),
(34, 2, 1, 0, 18, 4, 331, 179, 292, 171, 39, 8, 0, 0, 0, 0, 0, 0, 0, 0, 0, 0, 329, 178, 1, 0, 0, 0, 0, 0, 1, 0, 0, 0, 0, 0, 0, 0, 0, 0, 0, 1, 4, 0, 510, 1, 0),
(35, 2, 1, 0, 18, 4, 309, 186, 290, 181, 18, 3, 2, 1, 0, 0, 0, 0, 0, 0, 0, 1, 307, 183, 0, 1, 1, 0, 0, 0, 0, 1, 0, 0, 0, 0, 1, 0, 0, 0, 0, 1, 3, 1, 495, 1, 0),
(36, 2, 3, 0, 18, 10, 3, 4, 3, 4, 0, 0, 0, 0, 0, 0, 0, 0, 0, 0, 0, 0, 3, 4, 0, 0, 0, 0, 0, 0, 0, 0, 0, 0, 0, 0, 0, 0, 0, 0, 0, 0, 0, 0, 7, 1, 0),
(37, 2, 3, 0, 18, 10, 2, 3, 2, 3, 0, 0, 0, 0, 0, 0, 0, 0, 0, 0, 0, 0, 2, 3, 0, 0, 0, 0, 0, 0, 0, 0, 0, 0, 0, 0, 0, 0, 0, 0, 0, 0, 0, 0, 5, 1, 0),
(38, 2, 3, 0, 18, 10, 1, 4, 1, 4, 0, 0, 0, 0, 0, 0, 0, 0, 0, 0, 0, 0, 1, 4, 0, 0, 0, 0, 0, 0, 0, 0, 0, 0, 0, 0, 0, 0, 0, 0, 0, 0, 0, 0, 5, 1, 0),
(39, 2, 3, 0, 18, 10, 12, 8, 12, 8, 0, 0, 0, 0, 0, 0, 0, 0, 0, 0, 0, 0, 12, 8, 0, 0, 0, 0, 0, 0, 0, 0, 0, 0, 0, 0, 0, 0, 0, 0, 0, 0, 0, 0, 20, 1, 0),
(40, 2, 3, 0, 18, 10, 5, 9, 5, 9, 0, 0, 0, 0, 0, 0, 0, 0, 0, 0, 0, 0, 5, 9, 0, 0, 0, 0, 0, 0, 0, 0, 0, 0, 0, 0, 0, 0, 0, 0, 0, 0, 0, 0, 14, 1, 0),
(41, 2, 3, 0, 18, 10, 9, 8, 9, 8, 0, 0, 0, 0, 0, 0, 0, 0, 0, 0, 0, 0, 9, 8, 0, 0, 0, 0, 0, 0, 0, 0, 0, 0, 0, 0, 0, 0, 0, 0, 0, 0, 0, 0, 17, 1, 0),
(42, 2, 3, 0, 18, 10, 11, 32, 10, 3, 1, 2, 0, 0, 0, 0, 0, 0, 0, 0, 0, 0, 11, 32, 0, 0, 0, 0, 0, 0, 0, 0, 0, 0, 0, 0, 0, 0, 0, 0, 0, 0, 0, 0, 43, 1, 0),
(43, 2, 3, 0, 18, 10, 4, 20, 1, 4, 0, 2, 0, 0, 0, 0, 0, 0, 0, 0, 0, 0, 4, 20, 0, 0, 0, 0, 0, 0, 0, 0, 0, 0, 0, 0, 0, 0, 0, 0, 0, 0, 0, 0, 24, 1, 0),
(44, 2, 3, 1, 18, 10, 16, 22, 16, 22, 0, 0, 0, 0, 0, 0, 0, 0, 0, 0, 0, 0, 16, 22, 0, 0, 0, 0, 0, 0, 0, 0, 0, 0, 0, 0, 0, 0, 0, 0, 0, 0, 0, 0, 38, 1, 0),
(45, 2, 3, 2, 11, 10, 33, 35, 31, 34, 1, 1, 1, 0, 0, 0, 0, 0, 0, 0, 0, 0, 33, 35, 0, 0, 0, 0, 0, 0, 0, 0, 0, 0, 0, 0, 0, 0, 0, 0, 0, 0, 0, 0, 68, 1, 0),
(46, 2, 3, 1, 11, 10, 2, 8, 2, 8, 0, 0, 0, 0, 0, 0, 0, 0, 0, 0, 0, 0, 2, 8, 0, 0, 0, 0, 0, 0, 0, 0, 0, 0, 0, 0, 0, 0, 0, 0, 0, 0, 0, 0, 10, 1, 0),
(47, 2, 3, 2, 11, 10, 3, 4, 3, 4, 0, 0, 0, 0, 0, 0, 0, 0, 0, 0, 0, 0, 3, 4, 0, 0, 0, 0, 0, 0, 0, 0, 0, 0, 0, 0, 0, 0, 0, 0, 0, 0, 0, 0, 7, 1, 0),
(48, 2, 3, 0, 11, 10, 19, 39, 16, 38, 3, 0, 0, 1, 0, 0, 0, 0, 0, 0, 0, 0, 19, 39, 0, 0, 0, 0, 0, 0, 0, 0, 0, 0, 0, 0, 0, 0, 0, 0, 0, 0, 0, 0, 58, 1, 0),
(49, 2, 3, 0, 11, 10, 26, 37, 16, 35, 0, 1, 0, 0, 0, 0, 0, 1, 0, 0, 0, 0, 26, 37, 0, 0, 0, 0, 0, 0, 0, 0, 0, 0, 0, 0, 0, 0, 0, 0, 0, 0, 0, 0, 63, 1, 0),
(50, 2, 3, 1, 11, 10, 17, 26, 17, 26, 0, 0, 0, 0, 0, 0, 0, 0, 0, 0, 0, 0, 17, 26, 0, 0, 0, 0, 0, 0, 0, 0, 0, 0, 0, 0, 0, 0, 0, 0, 0, 0, 0, 0, 43, 1, 0),
(51, 2, 3, 0, 11, 10, 34, 52, 32, 48, 1, 2, 0, 1, 0, 1, 1, 0, 0, 0, 0, 0, 34, 52, 0, 0, 0, 0, 0, 0, 0, 0, 0, 0, 0, 0, 0, 0, 0, 0, 0, 0, 0, 0, 86, 1, 0),
(52, 2, 3, 0, 11, 10, 6, 20, 6, 20, 0, 0, 0, 0, 0, 0, 0, 0, 0, 0, 0, 0, 6, 20, 0, 0, 0, 0, 0, 0, 0, 0, 0, 0, 0, 0, 0, 0, 0, 0, 0, 0, 0, 0, 26, 1, 0),
(53, 2, 3, 1, 11, 10, 9, 14, 8, 13, 1, 1, 0, 0, 0, 0, 0, 0, 0, 0, 0, 0, 9, 14, 0, 0, 0, 0, 0, 0, 0, 0, 0, 0, 0, 0, 0, 0, 0, 0, 0, 0, 0, 0, 23, 1, 0),
(54, 2, 3, 2, 11, 10, 0, 3, 0, 3, 0, 0, 0, 0, 0, 0, 0, 0, 0, 0, 0, 0, 0, 3, 0, 0, 0, 0, 0, 0, 0, 0, 0, 0, 0, 0, 0, 0, 0, 0, 0, 0, 0, 0, 3, 1, 0),
(55, 2, 3, 1, 11, 10, 3, 15, 3, 14, 0, 0, 0, 1, 0, 0, 0, 0, 0, 0, 0, 0, 3, 15, 0, 0, 0, 0, 0, 0, 0, 0, 0, 0, 0, 0, 0, 0, 0, 0, 0, 0, 0, 0, 18, 1, 0),
(56, 2, 3, 2, 11, 10, 16, 12, 16, 12, 0, 0, 0, 0, 0, 0, 0, 0, 0, 0, 0, 0, 16, 12, 0, 0, 0, 0, 0, 0, 0, 0, 0, 0, 0, 0, 0, 0, 0, 0, 0, 0, 0, 0, 28, 1, 0),
(57, 2, 1, 0, 11, 10, 139, 185, 137, 180, 1, 3, 0, 2, 1, 0, 0, 0, 0, 0, 0, 0, 139, 185, 0, 0, 0, 0, 0, 0, 0, 0, 0, 0, 0, 0, 0, 0, 0, 0, 0, 0, 0, 0, 324, 1, 0),
(58, 2, 1, 0, 11, 10, 170, 239, 167, 228, 1, 7, 1, 1, 0, 0, 0, 0, 1, 1, 0, 0, 170, 237, 0, 1, 0, 0, 0, 0, 0, 1, 0, 0, 0, 0, 0, 0, 0, 0, 0, 0, 0, 0, 409, 1, 0),
(59, 2, 1, 0, 11, 10, 165, 231, 164, 225, 1, 6, 0, 1, 0, 0, 0, 0, 0, 0, 0, 0, 165, 230, 0, 1, 0, 0, 0, 0, 0, 0, 0, 0, 0, 0, 0, 0, 0, 0, 0, 0, 0, 0, 396, 1, 0),
(60, 2, 1, 0, 11, 10, 201, 291, 196, 276, 3, 11, 2, 2, 0, 0, 0, 0, 0, 0, 0, 0, 201, 289, 0, 1, 0, 0, 0, 0, 0, 1, 0, 0, 0, 0, 0, 0, 0, 0, 0, 0, 0, 0, 492, 1, 0),
(61, 2, 1, 0, 11, 10, 181, 267, 177, 259, 3, 9, 0, 0, 0, 0, 0, 0, 0, 0, 0, 0, 180, 266, 0, 0, 1, 0, 0, 0, 0, 1, 0, 0, 0, 0, 0, 0, 0, 0, 0, 0, 1, 2, 448, 1, 0),
(62, 2, 1, 0, 11, 10, 228, 308, 224, 292, 3, 11, 1, 5, 0, 0, 0, 0, 0, 0, 0, 0, 228, 306, 0, 1, 0, 0, 0, 0, 0, 1, 0, 0, 0, 0, 0, 0, 0, 0, 0, 0, 1, 2, 536, 1, 0),
(63, 2, 1, 0, 11, 10, 210, 285, 210, 272, 0, 10, 0, 3, 0, 0, 0, 0, 0, 0, 0, 0, 210, 283, 0, 1, 0, 0, 0, 0, 0, 1, 0, 0, 0, 0, 0, 0, 0, 0, 0, 0, 1, 0, 495, 1, 0),
(64, 2, 1, 0, 17, 10, 241, 316, 238, 304, 3, 11, 0, 3, 0, 0, 0, 0, 0, 0, 0, 0, 241, 315, 0, 0, 0, 0, 0, 0, 0, 1, 0, 0, 0, 0, 0, 0, 0, 0, 0, 0, 2, 2, 557, 1, 0),
(65, 2, 1, 0, 17, 10, 219, 305, 219, 291, 2, 10, 0, 2, 0, 0, 0, 0, 0, 0, 0, 0, 219, 303, 0, 1, 0, 0, 0, 0, 0, 1, 0, 0, 0, 0, 0, 0, 0, 0, 0, 0, 1, 2, 524, 1, 0),
(66, 2, 1, 0, 17, 10, 271, 333, 263, 316, 7, 11, 1, 6, 0, 0, 0, 0, 0, 0, 0, 0, 271, 333, 0, 0, 0, 0, 0, 0, 0, 0, 0, 0, 0, 0, 0, 0, 0, 0, 0, 0, 2, 1, 604, 1, 0),
(67, 2, 1, 0, 17, 10, 251, 328, 240, 312, 7, 13, 3, 3, 0, 0, 1, 0, 0, 0, 0, 0, 251, 327, 0, 1, 0, 0, 0, 0, 0, 0, 0, 0, 0, 0, 0, 0, 0, 0, 0, 0, 1, 1, 579, 1, 0),
(68, 2, 1, 0, 17, 10, 203, 264, 195, 249, 5, 11, 2, 3, 1, 0, 0, 0, 0, 0, 0, 0, 203, 264, 0, 0, 0, 0, 0, 0, 0, 0, 0, 0, 0, 0, 0, 0, 0, 0, 0, 0, 1, 0, 467, 1, 0),
(69, 2, 1, 0, 17, 10, 188, 256, 180, 242, 5, 11, 2, 3, 1, 0, 0, 0, 0, 0, 0, 0, 188, 256, 0, 0, 0, 0, 0, 0, 0, 0, 0, 0, 0, 0, 0, 0, 0, 0, 0, 0, 1, 0, 444, 1, 0),
(70, 2, 1, 0, 17, 10, 147, 191, 142, 178, 3, 5, 0, 7, 0, 1, 1, 0, 0, 0, 1, 0, 147, 191, 0, 0, 0, 0, 0, 0, 0, 0, 0, 0, 0, 0, 0, 0, 0, 0, 0, 0, 2, 0, 338, 1, 0),
(71, 2, 1, 0, 17, 10, 47, 0, 44, 0, 1, 1, 0, 0, 0, 0, 1, 0, 0, 0, 0, 0, 47, 0, 0, 0, 0, 0, 0, 0, 0, 0, 0, 0, 0, 0, 0, 0, 0, 0, 0, 0, 0, 0, 47, 1, 0),
(72, 2, 1, 0, 17, 10, 27, 0, 25, 0, 1, 0, 0, 0, 0, 0, 1, 0, 0, 0, 0, 0, 27, 0, 0, 0, 0, 0, 0, 0, 0, 0, 0, 0, 0, 0, 0, 0, 0, 0, 0, 0, 0, 0, 27, 1, 0),
(73, 2, 1, 0, 17, 10, 85, 109, 81, 104, 2, 2, 0, 3, 0, 0, 1, 0, 0, 0, 1, 0, 85, 109, 0, 0, 0, 0, 0, 0, 0, 0, 0, 0, 0, 0, 0, 0, 0, 0, 0, 0, 0, 0, 194, 1, 0),
(74, 2, 1, 0, 17, 10, 135, 182, 131, 169, 2, 7, 0, 4, 0, 1, 1, 0, 0, 1, 1, 0, 135, 182, 0, 0, 0, 0, 0, 0, 0, 0, 0, 0, 0, 0, 0, 0, 0, 0, 0, 0, 2, 0, 317, 1, 0),
(75, 2, 1, 0, 17, 10, 18, 15, 18, 15, 0, 0, 0, 0, 0, 0, 0, 0, 0, 0, 0, 0, 18, 15, 0, 0, 0, 0, 0, 0, 0, 0, 0, 0, 0, 0, 0, 0, 0, 0, 0, 0, 0, 0, 33, 1, 0),
(76, 2, 3, 0, 17, 14, 2, 1, 2, 1, 0, 0, 0, 0, 0, 0, 0, 0, 0, 0, 0, 0, 2, 1, 0, 0, 0, 0, 0, 0, 0, 0, 0, 0, 0, 0, 0, 0, 0, 0, 0, 0, 0, 0, 3, 1, 0),
(77, 2, 3, 0, 17, 14, 3, 0, 3, 0, 0, 0, 0, 0, 0, 0, 0, 0, 0, 0, 0, 0, 3, 0, 0, 0, 0, 0, 0, 0, 0, 0, 0, 0, 0, 0, 0, 0, 0, 0, 0, 0, 0, 0, 3, 1, 0),
(78, 2, 3, 0, 17, 14, 2, 2, 3, 0, 0, 1, 0, 0, 0, 0, 0, 0, 0, 0, 0, 0, 2, 2, 0, 0, 0, 0, 0, 0, 0, 0, 0, 0, 0, 0, 0, 0, 0, 0, 0, 0, 0, 0, 4, 1, 0),
(79, 2, 3, 0, 17, 14, 1, 0, 1, 0, 0, 0, 0, 0, 0, 0, 0, 0, 0, 0, 0, 0, 1, 0, 0, 0, 0, 0, 0, 0, 0, 0, 0, 0, 0, 0, 0, 0, 0, 0, 0, 0, 0, 0, 1, 1, 0),
(80, 2, 3, 0, 17, 14, 1, 1, 0, 1, 1, 0, 0, 0, 0, 0, 0, 0, 0, 0, 0, 0, 1, 1, 0, 0, 0, 0, 0, 0, 0, 0, 0, 0, 0, 0, 0, 0, 0, 0, 0, 0, 0, 0, 2, 1, 0),
(81, 2, 3, 0, 17, 14, 4, 2, 4, 2, 0, 0, 0, 0, 0, 0, 0, 0, 0, 0, 0, 0, 4, 2, 0, 0, 0, 0, 0, 0, 0, 0, 0, 0, 0, 0, 0, 0, 0, 0, 0, 0, 0, 0, 6, 1, 0),
(82, 2, 3, 0, 17, 14, 10, 0, 10, 0, 0, 0, 0, 0, 0, 0, 0, 0, 0, 0, 0, 0, 10, 0, 0, 0, 0, 0, 0, 0, 0, 0, 0, 0, 0, 0, 0, 0, 0, 0, 0, 0, 0, 0, 10, 1, 0),
(83, 2, 3, 0, 17, 14, 0, 2, 0, 2, 0, 0, 0, 0, 0, 0, 0, 0, 0, 0, 0, 0, 0, 2, 0, 0, 0, 0, 0, 0, 0, 0, 0, 0, 0, 0, 0, 0, 0, 0, 0, 0, 0, 0, 2, 1, 0),
(84, 2, 3, 1, 17, 14, 4, 0, 3, 0, 1, 0, 0, 0, 0, 0, 0, 0, 0, 0, 0, 0, 4, 0, 0, 0, 0, 0, 0, 0, 0, 0, 0, 0, 0, 0, 0, 0, 0, 0, 0, 0, 0, 0, 4, 1, 0),
(85, 2, 3, 1, 17, 14, 2, 2, 2, 2, 0, 0, 0, 0, 0, 0, 0, 0, 0, 0, 0, 0, 2, 2, 0, 0, 0, 0, 0, 0, 0, 0, 0, 0, 0, 0, 0, 0, 0, 0, 0, 0, 0, 0, 4, 1, 0),
(86, 2, 3, 0, 2, 14, 0, 3, 0, 3, 0, 0, 0, 0, 0, 0, 0, 0, 0, 0, 0, 0, 0, 3, 0, 0, 0, 0, 0, 0, 0, 0, 0, 0, 0, 0, 0, 0, 0, 0, 0, 0, 0, 0, 3, 1, 0),
(87, 2, 3, 0, 2, 14, 3, 6, 3, 6, 0, 0, 0, 0, 0, 0, 0, 0, 0, 0, 0, 0, 3, 6, 0, 0, 0, 0, 0, 0, 0, 0, 0, 0, 0, 0, 0, 0, 0, 0, 0, 0, 0, 0, 9, 1, 0),
(88, 2, 3, 1, 2, 14, 4, 1, 4, 1, 0, 0, 0, 0, 0, 0, 0, 0, 0, 0, 0, 0, 4, 1, 0, 0, 0, 0, 0, 0, 0, 0, 0, 0, 0, 0, 0, 0, 0, 0, 0, 0, 0, 0, 5, 1, 0),
(89, 2, 3, 0, 2, 14, 14, 5, 14, 5, 0, 0, 0, 0, 0, 0, 0, 0, 0, 0, 0, 0, 14, 5, 0, 0, 0, 0, 0, 0, 0, 0, 0, 0, 0, 0, 0, 0, 0, 0, 0, 0, 0, 0, 19, 1, 0),
(90, 2, 3, 0, 2, 14, 2, 0, 2, 0, 0, 0, 0, 0, 0, 0, 0, 0, 0, 0, 0, 0, 2, 0, 0, 0, 0, 0, 0, 0, 0, 0, 0, 0, 0, 0, 0, 0, 0, 0, 0, 0, 0, 0, 2, 1, 0),
(91, 2, 3, 1, 2, 14, 2, 2, 2, 2, 0, 0, 0, 0, 0, 0, 0, 0, 0, 0, 0, 0, 2, 2, 0, 0, 0, 0, 0, 0, 0, 0, 0, 0, 0, 0, 0, 0, 0, 0, 0, 0, 0, 0, 4, 1, 0),
(92, 2, 3, 1, 2, 14, 0, 4, 0, 4, 0, 0, 0, 0, 0, 0, 0, 0, 0, 0, 0, 0, 0, 4, 0, 0, 0, 0, 0, 0, 0, 0, 0, 0, 0, 0, 0, 0, 0, 0, 0, 0, 0, 0, 4, 1, 0),
(93, 2, 1, 0, 2, 14, 42, 25, 40, 24, 2, 1, 0, 0, 0, 0, 0, 0, 0, 0, 0, 0, 42, 25, 0, 0, 0, 0, 0, 0, 0, 0, 0, 0, 0, 0, 0, 0, 0, 0, 0, 0, 0, 0, 67, 1, 0),
(94, 2, 1, 0, 2, 14, 63, 42, 56, 39, 7, 2, 0, 1, 0, 0, 0, 0, 0, 0, 0, 0, 63, 42, 0, 0, 0, 0, 0, 0, 0, 0, 0, 0, 0, 0, 0, 0, 0, 0, 0, 0, 0, 0, 105, 1, 0),
(95, 2, 1, 0, 2, 14, 55, 32, 53, 32, 2, 0, 0, 0, 0, 0, 0, 0, 0, 0, 0, 0, 55, 32, 0, 0, 0, 0, 0, 0, 0, 0, 0, 0, 0, 0, 0, 0, 0, 0, 0, 0, 0, 0, 87, 1, 0),
(96, 2, 1, 0, 2, 14, 59, 37, 54, 37, 4, 1, 0, 0, 0, 0, 0, 0, 0, 0, 0, 0, 59, 37, 0, 0, 0, 0, 0, 0, 0, 0, 0, 0, 0, 0, 0, 0, 0, 0, 0, 0, 0, 0, 96, 1, 0),
(97, 2, 1, 0, 2, 14, 56, 35, 41, 30, 3, 1, 9, 4, 3, 0, 0, 0, 0, 0, 0, 0, 56, 35, 0, 0, 0, 0, 0, 0, 0, 0, 0, 0, 0, 0, 0, 0, 0, 0, 0, 0, 0, 0, 91, 1, 0),
(98, 2, 1, 0, 2, 14, 70, 43, 68, 41, 2, 1, 0, 1, 0, 0, 0, 0, 0, 0, 0, 0, 69, 43, 1, 0, 0, 0, 0, 0, 0, 0, 0, 0, 0, 0, 0, 0, 0, 0, 0, 0, 0, 0, 113, 1, 0),
(99, 2, 1, 0, 2, 14, 63, 43, 54, 40, 3, 1, 5, 2, 0, 0, 0, 0, 0, 0, 1, 0, 62, 43, 1, 0, 0, 0, 0, 0, 0, 0, 0, 0, 0, 0, 0, 0, 0, 0, 0, 0, 0, 0, 106, 1, 0),
(100, 2, 1, 0, 2, 14, 75, 39, 67, 34, 2, 3, 5, 2, 0, 0, 0, 0, 0, 0, 1, 0, 74, 39, 1, 0, 0, 0, 0, 0, 0, 0, 0, 0, 0, 0, 0, 0, 0, 0, 0, 0, 0, 0, 114, 1, 0),
(101, 2, 1, 0, 2, 14, 66, 39, 58, 34, 2, 3, 5, 2, 0, 0, 0, 0, 0, 0, 1, 0, 65, 39, 1, 0, 0, 0, 0, 0, 0, 0, 0, 0, 0, 0, 0, 0, 0, 0, 0, 0, 0, 0, 105, 1, 0),
(102, 2, 1, 0, 2, 14, 77, 42, 72, 41, 2, 0, 3, 1, 0, 0, 0, 0, 0, 0, 0, 0, 76, 42, 1, 0, 0, 0, 0, 0, 0, 0, 0, 0, 0, 0, 0, 0, 0, 0, 0, 0, 1, 0, 119, 1, 0),
(103, 2, 1, 0, 2, 14, 68, 40, 67, 38, 1, 2, 0, 0, 0, 0, 0, 0, 0, 0, 0, 0, 67, 40, 1, 0, 0, 0, 0, 0, 0, 0, 0, 0, 0, 0, 0, 0, 0, 0, 0, 0, 1, 0, 108, 1, 0),
(104, 2, 1, 0, 2, 14, 61, 36, 61, 34, 0, 2, 0, 0, 0, 0, 0, 0, 0, 0, 0, 0, 60, 36, 1, 0, 0, 0, 0, 0, 0, 0, 0, 0, 0, 0, 0, 0, 0, 0, 0, 0, 1, 0, 97, 1, 0),
(105, 2, 1, 0, 2, 14, 63, 33, 60, 31, 1, 2, 2, 0, 0, 0, 0, 0, 0, 0, 0, 0, 60, 33, 3, 0, 0, 0, 0, 0, 0, 0, 0, 0, 0, 0, 0, 0, 0, 0, 0, 0, 0, 0, 96, 1, 0),
(106, 2, 1, 0, 97, 14, 65, 35, 62, 32, 2, 3, 3, 0, 0, 0, 0, 0, 0, 0, 0, 0, 65, 35, 0, 0, 0, 0, 0, 0, 0, 0, 0, 0, 0, 0, 0, 0, 0, 0, 0, 0, 1, 0, 100, 1, 0),
(107, 2, 1, 0, 97, 14, 69, 0, 65, 0, 3, 0, 0, 0, 0, 0, 0, 0, 0, 0, 1, 0, 67, 0, 2, 0, 0, 0, 0, 0, 0, 0, 0, 0, 0, 0, 0, 0, 0, 0, 0, 0, 0, 0, 69, 1, 0),
(108, 2, 1, 0, 97, 14, 74, 0, 70, 0, 3, 0, 0, 0, 0, 0, 0, 0, 0, 0, 1, 0, 72, 0, 2, 0, 0, 0, 0, 0, 0, 0, 0, 0, 0, 0, 0, 0, 0, 0, 0, 0, 0, 0, 74, 1, 0),
(109, 2, 1, 0, 97, 14, 65, 29, 60, 26, 2, 3, 2, 0, 0, 0, 0, 0, 0, 0, 1, 0, 64, 29, 1, 0, 0, 0, 0, 0, 0, 0, 0, 0, 0, 0, 0, 0, 0, 0, 0, 0, 0, 0, 94, 1, 0),
(110, 2, 1, 0, 97, 14, 59, 34, 57, 31, 0, 3, 2, 0, 0, 0, 0, 0, 0, 0, 0, 0, 58, 34, 1, 0, 0, 0, 0, 0, 0, 0, 0, 0, 0, 0, 0, 0, 0, 0, 0, 0, 1, 0, 93, 1, 0),
(111, 2, 1, 0, 97, 14, 44, 19, 43, 18, 1, 1, 0, 0, 0, 0, 0, 0, 0, 0, 1, 0, 43, 19, 1, 0, 0, 0, 0, 0, 0, 0, 0, 0, 0, 0, 0, 0, 0, 0, 0, 0, 0, 0, 63, 1, 0),
(112, 2, 1, 0, 97, 15, 43, 0, 38, 0, 3, 1, 0, 0, 0, 0, 0, 0, 0, 0, 1, 0, 43, 0, 0, 0, 0, 0, 0, 0, 0, 0, 0, 0, 0, 0, 0, 0, 0, 0, 0, 0, 0, 0, 43, 1, 0),
(113, 2, 1, 0, 97, 15, 25, 0, 24, 0, 1, 0, 0, 0, 0, 0, 0, 0, 0, 0, 0, 0, 25, 0, 0, 0, 0, 0, 0, 0, 0, 0, 0, 0, 0, 0, 0, 0, 0, 0, 0, 0, 0, 0, 25, 1, 0),
(114, 2, 1, 0, 97, 15, 55, 37, 53, 36, 1, 1, 1, 0, 0, 0, 0, 0, 0, 0, 0, 0, 55, 37, 0, 0, 0, 0, 0, 0, 0, 0, 0, 0, 0, 0, 0, 0, 0, 0, 0, 0, 0, 1, 0, 1, 0),
(115, 2, 1, 0, 97, 15, 47, 30, 41, 27, 0, 3, 4, 0, 0, 0, 0, 0, 0, 0, 2, 0, 47, 30, 0, 0, 0, 0, 0, 0, 0, 0, 0, 0, 0, 0, 0, 0, 0, 0, 0, 0, 0, 1, 77, 1, 0),
(116, 2, 1, 0, 97, 15, 47, 28, 40, 25, 0, 3, 5, 0, 0, 0, 0, 0, 0, 0, 2, 0, 47, 28, 0, 0, 0, 0, 0, 0, 0, 0, 0, 0, 0, 0, 0, 0, 0, 0, 0, 0, 0, 0, 75, 1, 0),
(117, 2, 1, 0, 97, 15, 36, 26, 31, 23, 0, 3, 3, 0, 0, 0, 0, 0, 0, 0, 2, 0, 36, 26, 0, 0, 0, 0, 0, 0, 0, 0, 0, 0, 0, 0, 0, 0, 0, 0, 0, 0, 0, 0, 62, 1, 0),
(118, 2, 1, 0, 97, 15, 36, 28, 33, 25, 0, 3, 1, 0, 0, 0, 0, 0, 0, 0, 2, 0, 36, 28, 0, 0, 0, 0, 0, 0, 0, 0, 0, 0, 0, 0, 0, 0, 0, 0, 0, 0, 0, 0, 64, 1, 0),
(119, 2, 3, 0, 97, 15, 1, 0, 1, 0, 0, 0, 0, 0, 0, 0, 0, 0, 0, 0, 0, 0, 1, 0, 0, 0, 0, 0, 0, 0, 0, 0, 0, 0, 0, 0, 0, 0, 0, 0, 0, 0, 0, 0, 1, 1, 0),
(120, 2, 3, 0, 97, 15, 1, 0, 1, 0, 0, 0, 0, 0, 0, 0, 0, 0, 0, 0, 0, 0, 1, 0, 0, 0, 0, 0, 0, 0, 0, 0, 0, 0, 0, 0, 0, 0, 0, 0, 0, 0, 0, 0, 1, 1, 0),
(121, 2, 3, 0, 97, 15, 2, 4, 2, 4, 0, 0, 0, 0, 0, 0, 0, 0, 0, 0, 0, 0, 2, 4, 0, 0, 0, 0, 0, 0, 0, 0, 0, 0, 0, 0, 0, 0, 0, 0, 0, 0, 0, 0, 6, 1, 0),
(122, 2, 3, 0, 97, 15, 2, 4, 2, 2, 0, 2, 0, 0, 0, 0, 0, 0, 0, 0, 0, 0, 2, 4, 0, 0, 0, 0, 0, 0, 0, 0, 0, 0, 0, 0, 0, 0, 0, 0, 0, 0, 0, 0, 6, 1, 0),
(123, 2, 3, 0, 97, 15, 0, 1, 0, 1, 0, 0, 0, 0, 0, 0, 0, 0, 0, 0, 0, 0, 0, 1, 0, 0, 0, 0, 0, 0, 0, 0, 0, 0, 0, 0, 0, 0, 0, 0, 0, 0, 0, 0, 1, 1, 0),
(124, 2, 3, 1, 97, 15, 1, 3, 1, 3, 0, 0, 0, 0, 0, 0, 0, 0, 0, 0, 0, 0, 1, 3, 0, 0, 0, 0, 0, 0, 0, 0, 0, 0, 0, 0, 0, 0, 0, 0, 0, 0, 0, 0, 4, 1, 0),
(125, 2, 3, 0, 97, 15, 0, 3, 0, 3, 0, 0, 0, 0, 0, 0, 0, 0, 0, 0, 0, 0, 0, 3, 0, 0, 0, 0, 0, 0, 0, 0, 0, 0, 0, 0, 0, 0, 0, 0, 0, 0, 0, 0, 3, 1, 0),
(126, 2, 3, 0, 97, 15, 2, 3, 4, 0, 0, 0, 0, 0, 0, 0, 0, 1, 0, 0, 0, 0, 2, 3, 0, 0, 0, 0, 0, 0, 0, 0, 0, 0, 0, 0, 0, 0, 0, 0, 0, 0, 0, 0, 5, 1, 0),
(127, 2, 3, 1, 97, 15, 5, 2, 5, 2, 0, 0, 0, 0, 0, 0, 0, 0, 0, 0, 0, 0, 5, 2, 0, 0, 0, 0, 0, 0, 0, 0, 0, 0, 0, 0, 0, 0, 0, 0, 0, 0, 0, 0, 7, 1, 0),
(128, 2, 3, 0, 97, 15, 6, 5, 6, 5, 0, 0, 0, 0, 0, 0, 0, 0, 0, 0, 0, 0, 6, 5, 0, 0, 0, 0, 0, 0, 0, 0, 0, 0, 0, 0, 0, 0, 0, 0, 0, 0, 0, 0, 11, 1, 0),
(129, 2, 3, 0, 15, 15, 3, 0, 2, 0, 0, 0, 1, 0, 0, 0, 0, 0, 0, 0, 0, 0, 3, 0, 0, 0, 0, 0, 0, 0, 0, 0, 0, 0, 0, 0, 0, 0, 0, 0, 0, 0, 0, 0, 3, 1, 0),
(130, 2, 3, 1, 15, 15, 1, 0, 1, 0, 0, 0, 0, 0, 0, 0, 0, 0, 0, 0, 0, 0, 1, 0, 0, 0, 0, 0, 0, 0, 0, 0, 0, 0, 0, 0, 0, 0, 0, 0, 0, 0, 0, 0, 1, 1, 0),
(131, 2, 3, 1, 15, 15, 1, 1, 2, 1, 0, 0, 0, 0, 0, 0, 0, 0, 0, 0, 0, 0, 1, 1, 0, 0, 0, 0, 0, 0, 0, 0, 0, 0, 0, 0, 0, 0, 0, 0, 0, 0, 0, 0, 2, 1, 0),
(132, 2, 3, 2, 15, 15, 1, 0, 0, 0, 0, 0, 0, 0, 0, 0, 0, 0, 0, 0, 0, 0, 1, 0, 0, 0, 0, 0, 0, 0, 0, 0, 0, 0, 0, 0, 0, 0, 0, 0, 0, 0, 0, 0, 1, 1, 0),
(133, 2, 1, 0, 15, 15, 34, 20, 33, 20, 1, 0, 0, 0, 0, 0, 0, 0, 0, 0, 0, 0, 34, 20, 0, 0, 0, 0, 0, 0, 0, 0, 0, 0, 0, 0, 0, 0, 0, 0, 0, 0, 0, 0, 54, 1, 0),
(134, 2, 1, 0, 15, 15, 47, 32, 45, 32, 0, 1, 1, 0, 0, 0, 0, 0, 0, 0, 0, 0, 46, 32, 1, 0, 0, 0, 0, 0, 0, 0, 0, 0, 0, 0, 0, 0, 0, 0, 0, 0, 0, 0, 79, 1, 0),
(135, 2, 1, 0, 15, 15, 36, 24, 33, 24, 2, 0, 0, 0, 0, 0, 0, 0, 0, 0, 0, 0, 35, 24, 1, 0, 0, 0, 0, 0, 0, 0, 0, 0, 0, 0, 0, 0, 0, 0, 0, 0, 0, 0, 60, 1, 0),
(136, 2, 1, 0, 15, 15, 45, 30, 41, 29, 2, 1, 1, 0, 0, 0, 0, 0, 0, 0, 0, 0, 44, 30, 1, 0, 0, 0, 0, 0, 0, 0, 0, 0, 0, 0, 0, 0, 0, 0, 0, 0, 0, 0, 75, 1, 0),
(137, 2, 1, 0, 15, 15, 39, 28, 27, 24, 1, 1, 9, 3, 1, 0, 0, 0, 0, 0, 0, 0, 38, 28, 1, 0, 0, 0, 0, 0, 0, 0, 0, 0, 0, 0, 0, 0, 0, 0, 0, 0, 0, 0, 67, 1, 0),
(138, 2, 1, 0, 15, 15, 58, 36, 54, 35, 3, 1, 1, 0, 0, 0, 0, 0, 0, 0, 0, 0, 57, 36, 1, 0, 0, 0, 0, 0, 0, 0, 0, 0, 0, 0, 0, 0, 0, 0, 0, 0, 0, 0, 94, 1, 0),
(139, 2, 1, 0, 15, 15, 43, 32, 33, 30, 1, 1, 6, 1, 0, 0, 0, 0, 0, 0, 3, 0, 42, 32, 1, 0, 0, 0, 0, 0, 0, 0, 0, 0, 0, 0, 0, 0, 0, 0, 0, 0, 0, 0, 75, 1, 0),
(140, 2, 1, 0, 15, 15, 53, 43, 43, 40, 2, 2, 5, 0, 0, 0, 0, 0, 0, 0, 3, 1, 52, 43, 1, 0, 0, 0, 0, 0, 0, 0, 0, 0, 0, 0, 0, 0, 0, 0, 0, 0, 0, 1, 96, 1, 0),
(141, 2, 1, 0, 15, 15, 54, 37, 45, 35, 2, 2, 5, 0, 0, 0, 0, 0, 0, 0, 2, 0, 53, 37, 1, 0, 0, 0, 0, 0, 0, 0, 0, 0, 0, 0, 0, 0, 0, 0, 0, 0, 1, 0, 91, 1, 0),
(142, 2, 1, 0, 15, 15, 68, 44, 57, 41, 2, 3, 7, 0, 0, 0, 0, 0, 0, 0, 2, 0, 67, 44, 1, 0, 0, 0, 0, 0, 0, 0, 0, 0, 0, 0, 0, 0, 0, 0, 0, 0, 0, 1, 112, 1, 0),
(143, 2, 1, 0, 15, 15, 61, 38, 58, 37, 1, 1, 2, 0, 0, 0, 0, 0, 0, 0, 0, 0, 61, 38, 0, 0, 0, 0, 0, 0, 0, 0, 0, 0, 0, 0, 0, 0, 0, 0, 0, 0, 0, 1, 99, 1, 0),
(144, 2, 1, 0, 15, 15, 11, 2, 11, 2, 0, 0, 0, 0, 0, 0, 0, 0, 0, 0, 0, 0, 11, 2, 0, 0, 0, 0, 0, 0, 0, 0, 0, 0, 0, 0, 0, 0, 0, 0, 0, 0, 0, 0, 13, 1, 0),
(145, 2, 1, 0, 15, 15, 10, 2, 10, 2, 0, 0, 0, 0, 0, 0, 0, 0, 0, 0, 0, 0, 10, 2, 0, 0, 0, 0, 0, 0, 0, 0, 0, 0, 0, 0, 0, 0, 0, 0, 0, 0, 0, 0, 12, 1, 0),
(146, 2, 1, 0, 15, 15, 21, 10, 20, 10, 0, 0, 0, 0, 0, 0, 0, 0, 0, 0, 0, 0, 20, 10, 1, 0, 0, 0, 0, 0, 0, 0, 0, 0, 0, 0, 0, 0, 0, 0, 0, 0, 0, 0, 31, 1, 0),
(147, 2, 1, 0, 15, 15, 56, 0, 55, 0, 0, 1, 0, 0, 0, 0, 0, 0, 0, 0, 0, 0, 56, 0, 0, 0, 0, 0, 0, 0, 0, 0, 0, 0, 0, 0, 0, 0, 0, 0, 0, 0, 0, 0, 56, 1, 0),
(148, 2, 1, 0, 15, 15, 56, 0, 55, 0, 0, 0, 1, 0, 0, 0, 0, 0, 0, 0, 0, 0, 56, 0, 0, 0, 0, 0, 0, 0, 0, 0, 0, 0, 0, 0, 0, 0, 0, 0, 0, 0, 0, 0, 56, 1, 0),
(149, 2, 1, 0, 4, 15, 17, 14, 17, 14, 0, 0, 0, 0, 0, 0, 0, 0, 0, 0, 0, 0, 17, 14, 0, 0, 0, 0, 0, 0, 0, 0, 0, 0, 0, 0, 0, 0, 0, 0, 0, 0, 0, 0, 31, 1, 0),
(150, 2, 1, 0, 4, 15, 12, 9, 12, 9, 0, 0, 0, 0, 0, 0, 0, 0, 0, 0, 0, 0, 12, 9, 0, 0, 0, 0, 0, 0, 0, 0, 0, 0, 0, 0, 0, 0, 0, 0, 0, 0, 0, 0, 21, 1, 0),
(151, 2, 1, 0, 4, 15, 35, 31, 35, 30, 0, 0, 0, 1, 0, 0, 0, 0, 0, 0, 0, 0, 35, 30, 0, 1, 0, 0, 0, 0, 0, 0, 0, 0, 0, 0, 0, 0, 0, 0, 0, 0, 0, 0, 66, 1, 0),
(152, 2, 1, 0, 4, 15, 16, 10, 16, 9, 0, 1, 0, 0, 0, 0, 0, 0, 0, 0, 0, 0, 16, 10, 0, 0, 0, 0, 0, 0, 0, 0, 0, 0, 0, 0, 0, 0, 0, 0, 0, 0, 0, 0, 26, 1, 0),
(153, 2, 3, 0, 4, 16, 3, 2, 3, 2, 0, 0, 0, 0, 0, 0, 0, 0, 0, 0, 0, 0, 3, 2, 0, 0, 0, 0, 0, 0, 0, 0, 0, 0, 0, 0, 0, 0, 0, 0, 0, 0, 0, 0, 5, 1, 0),
(154, 2, 3, 0, 4, 16, 0, 2, 0, 2, 0, 0, 0, 0, 0, 0, 0, 0, 0, 0, 0, 0, 0, 2, 0, 0, 0, 0, 0, 0, 0, 0, 0, 0, 0, 0, 0, 0, 0, 0, 0, 0, 0, 0, 2, 1, 0),
(155, 2, 3, 0, 4, 16, 3, 4, 3, 4, 0, 0, 0, 0, 0, 0, 0, 0, 0, 0, 0, 0, 3, 4, 0, 0, 0, 0, 0, 0, 0, 0, 0, 0, 0, 0, 0, 0, 0, 0, 0, 0, 0, 0, 7, 1, 0),
(156, 2, 3, 0, 4, 16, 2, 1, 2, 1, 0, 0, 0, 0, 0, 0, 0, 0, 0, 0, 0, 0, 2, 1, 0, 0, 0, 0, 0, 0, 0, 0, 0, 0, 0, 0, 0, 0, 0, 0, 0, 0, 0, 0, 3, 1, 0),
(157, 2, 3, 0, 4, 16, 7, 5, 7, 5, 0, 0, 0, 0, 0, 0, 0, 0, 0, 0, 0, 0, 7, 5, 0, 0, 0, 0, 0, 0, 0, 0, 0, 0, 0, 0, 0, 0, 0, 0, 0, 0, 0, 0, 12, 1, 0),
(158, 2, 3, 0, 4, 16, 4, 6, 4, 5, 0, 1, 0, 0, 0, 0, 0, 0, 0, 0, 0, 0, 4, 6, 0, 0, 0, 0, 0, 0, 0, 0, 0, 0, 0, 0, 0, 0, 0, 0, 0, 0, 0, 0, 10, 1, 0),
(159, 2, 3, 0, 4, 16, 4, 7, 4, 7, 0, 0, 0, 0, 0, 0, 0, 0, 0, 0, 0, 0, 4, 7, 0, 0, 0, 0, 0, 0, 0, 0, 0, 0, 0, 0, 0, 0, 0, 0, 0, 0, 0, 0, 11, 1, 0),
(160, 2, 3, 0, 4, 16, 5, 5, 5, 4, 0, 1, 0, 0, 0, 0, 0, 0, 0, 0, 0, 0, 4, 5, 0, 0, 0, 0, 0, 0, 0, 0, 0, 0, 0, 0, 1, 0, 0, 0, 0, 0, 0, 0, 10, 1, 0),
(161, 2, 3, 1, 4, 16, 3, 16, 5, 12, 0, 2, 0, 0, 0, 0, 0, 0, 0, 0, 0, 0, 3, 16, 0, 0, 0, 0, 0, 0, 0, 0, 0, 0, 0, 0, 0, 0, 0, 0, 0, 0, 0, 0, 19, 1, 0),
(162, 2, 3, 1, 4, 16, 7, 4, 6, 4, 1, 0, 0, 0, 0, 0, 0, 0, 0, 0, 0, 0, 7, 4, 0, 0, 0, 0, 0, 0, 0, 0, 0, 0, 0, 0, 0, 0, 0, 0, 0, 0, 0, 0, 11, 1, 0),
(163, 2, 3, 0, 4, 16, 6, 3, 3, 6, 0, 0, 0, 0, 0, 0, 0, 0, 0, 0, 0, 0, 6, 3, 0, 0, 0, 0, 0, 0, 0, 0, 0, 0, 0, 0, 0, 0, 0, 0, 0, 0, 0, 0, 9, 1, 0),
(164, 2, 3, 0, 4, 16, 7, 8, 5, 7, 1, 0, 0, 0, 0, 0, 0, 0, 0, 0, 0, 0, 6, 8, 1, 0, 0, 0, 0, 0, 0, 0, 0, 0, 0, 0, 0, 0, 0, 0, 0, 0, 0, 0, 15, 1, 0),
(165, 2, 3, 1, 4, 16, 9, 4, 8, 4, 1, 0, 0, 0, 0, 0, 0, 0, 0, 0, 0, 0, 9, 4, 0, 0, 0, 0, 0, 0, 0, 0, 0, 0, 0, 0, 0, 0, 0, 0, 0, 0, 0, 0, 13, 1, 0),
(166, 2, 3, 0, 22, 16, 3, 4, 3, 4, 0, 0, 0, 0, 0, 0, 0, 0, 0, 0, 0, 0, 3, 4, 0, 0, 0, 0, 0, 0, 0, 0, 0, 0, 0, 0, 0, 0, 0, 0, 0, 0, 0, 0, 7, 1, 0),
(167, 2, 3, 0, 22, 16, 7, 7, 7, 6, 0, 1, 0, 0, 0, 0, 0, 0, 0, 0, 0, 0, 7, 7, 0, 0, 0, 0, 0, 0, 0, 0, 0, 0, 0, 0, 0, 0, 0, 0, 0, 0, 0, 0, 14, 1, 0),
(168, 2, 3, 1, 22, 16, 11, 9, 11, 8, 0, 1, 0, 0, 0, 0, 0, 0, 0, 0, 0, 0, 11, 9, 0, 0, 0, 0, 0, 0, 0, 0, 0, 0, 0, 0, 0, 0, 0, 0, 0, 0, 0, 0, 20, 1, 0),
(169, 2, 3, 1, 22, 16, 5, 14, 5, 14, 0, 0, 0, 0, 0, 0, 0, 0, 0, 0, 0, 0, 5, 14, 0, 0, 0, 0, 0, 0, 0, 0, 0, 0, 0, 0, 0, 0, 0, 0, 0, 0, 0, 0, 19, 1, 0),
(170, 2, 1, 0, 22, 16, 76, 74, 73, 68, 3, 6, 0, 0, 0, 0, 0, 0, 0, 0, 0, 0, 76, 74, 0, 0, 0, 0, 0, 0, 0, 0, 0, 0, 0, 0, 0, 0, 0, 0, 0, 0, 0, 0, 150, 1, 0),
(171, 2, 1, 0, 22, 16, 106, 111, 100, 100, 5, 8, 1, 3, 0, 0, 0, 0, 0, 0, 0, 0, 106, 111, 0, 0, 0, 0, 0, 0, 0, 0, 0, 0, 0, 0, 0, 0, 0, 0, 0, 0, 0, 0, 217, 1, 0),
(172, 2, 1, 0, 22, 16, 83, 99, 82, 96, 3, 1, 0, 0, 0, 0, 0, 0, 0, 0, 0, 0, 83, 99, 0, 0, 0, 0, 0, 0, 0, 0, 0, 0, 0, 0, 0, 0, 0, 0, 0, 0, 0, 0, 182, 1, 0),
(173, 2, 1, 0, 22, 16, 119, 122, 112, 113, 7, 9, 0, 0, 0, 0, 0, 0, 0, 0, 0, 0, 119, 122, 0, 0, 0, 0, 0, 0, 0, 0, 0, 0, 0, 0, 0, 0, 0, 0, 0, 0, 0, 0, 241, 1, 0),
(174, 2, 1, 0, 22, 16, 91, 102, 71, 86, 3, 5, 14, 11, 1, 0, 0, 0, 0, 0, 0, 0, 88, 102, 2, 0, 0, 0, 0, 0, 0, 0, 0, 0, 0, 0, 1, 0, 0, 0, 0, 0, 0, 0, 193, 1, 0),
(175, 2, 1, 0, 22, 16, 97, 117, 94, 111, 3, 6, 0, 0, 0, 0, 0, 0, 0, 0, 0, 0, 96, 117, 1, 0, 0, 0, 0, 0, 0, 0, 0, 0, 0, 0, 0, 0, 0, 0, 0, 0, 0, 0, 214, 1, 0),
(176, 2, 1, 0, 22, 16, 74, 94, 63, 83, 1, 3, 8, 8, 0, 0, 0, 0, 0, 0, 2, 0, 73, 94, 0, 0, 0, 0, 0, 0, 0, 0, 0, 0, 0, 0, 1, 0, 0, 0, 0, 0, 0, 0, 168, 1, 0),
(177, 2, 1, 0, 22, 16, 79, 98, 69, 90, 1, 3, 8, 5, 0, 0, 0, 0, 0, 0, 1, 0, 77, 98, 1, 0, 0, 0, 0, 0, 0, 0, 0, 0, 0, 0, 1, 0, 0, 0, 0, 0, 0, 0, 177, 1, 0),
(178, 2, 1, 0, 22, 16, 61, 76, 55, 73, 2, 3, 3, 0, 0, 0, 0, 0, 0, 0, 1, 0, 60, 76, 1, 0, 0, 0, 0, 0, 0, 0, 0, 0, 0, 0, 0, 0, 0, 0, 0, 0, 0, 0, 137, 1, 0),
(179, 2, 1, 0, 22, 16, 65, 88, 56, 83, 3, 3, 5, 1, 0, 0, 0, 1, 0, 0, 1, 0, 64, 88, 1, 0, 0, 0, 0, 0, 0, 0, 0, 0, 0, 0, 0, 0, 0, 0, 0, 0, 0, 0, 153, 1, 0),
(180, 2, 1, 0, 22, 16, 52, 70, 50, 66, 2, 3, 0, 1, 0, 0, 0, 0, 0, 0, 0, 0, 52, 70, 0, 0, 0, 0, 0, 0, 0, 0, 0, 0, 0, 0, 0, 0, 0, 0, 0, 0, 0, 0, 122, 1, 0),
(181, 2, 1, 0, 22, 16, 46, 68, 43, 64, 2, 3, 1, 1, 0, 0, 0, 0, 0, 0, 0, 0, 46, 68, 0, 0, 0, 0, 0, 0, 0, 0, 0, 0, 0, 0, 0, 0, 0, 0, 0, 0, 0, 0, 114, 1, 0),
(182, 2, 1, 0, 22, 16, 25, 51, 21, 49, 2, 1, 1, 0, 0, 1, 0, 0, 0, 0, 1, 0, 24, 51, 1, 0, 0, 0, 0, 0, 0, 0, 0, 0, 0, 0, 0, 0, 0, 0, 0, 0, 0, 0, 76, 1, 0),
(183, 2, 1, 0, 22, 16, 26, 47, 22, 45, 2, 1, 2, 0, 0, 0, 0, 1, 0, 0, 1, 0, 26, 47, 0, 0, 0, 0, 0, 0, 0, 0, 0, 0, 0, 0, 0, 0, 0, 0, 0, 0, 0, 0, 73, 1, 0),
(184, 2, 1, 0, 22, 16, 27, 0, 25, 0, 0, 0, 0, 0, 0, 0, 1, 0, 0, 0, 1, 0, 27, 0, 0, 0, 0, 0, 0, 0, 0, 0, 0, 0, 0, 0, 0, 0, 0, 0, 0, 0, 0, 0, 27, 1, 0),
(185, 2, 1, 0, 22, 16, 11, 0, 10, 0, 0, 0, 0, 0, 0, 0, 0, 0, 0, 0, 1, 0, 11, 0, 0, 0, 0, 0, 0, 0, 0, 0, 0, 0, 0, 0, 0, 0, 0, 0, 0, 0, 0, 0, 11, 1, 0),
(186, 2, 1, 0, 22, 16, 13, 26, 11, 25, 1, 0, 0, 0, 0, 0, 0, 1, 0, 0, 0, 0, 12, 26, 1, 0, 0, 0, 0, 0, 0, 0, 0, 0, 0, 0, 0, 0, 0, 0, 0, 0, 0, 0, 39, 1, 0),
(187, 2, 1, 0, 22, 16, 15, 25, 12, 24, 1, 0, 1, 0, 0, 0, 0, 1, 0, 0, 1, 0, 14, 25, 1, 0, 0, 0, 0, 0, 0, 0, 0, 0, 0, 0, 0, 0, 0, 0, 0, 0, 0, 0, 40, 1, 0),
(188, 2, 1, 0, 22, 16, 2, 6, 2, 6, 0, 0, 0, 0, 0, 0, 0, 0, 0, 0, 0, 0, 2, 6, 0, 0, 0, 0, 0, 0, 0, 0, 0, 0, 0, 0, 0, 0, 0, 0, 0, 0, 0, 0, 8, 1, 0),
(189, 2, 3, 0, 22, 18, 9, 22, 9, 22, 0, 0, 0, 0, 0, 0, 0, 0, 0, 0, 0, 0, 9, 22, 0, 0, 0, 0, 0, 0, 0, 0, 0, 0, 0, 0, 0, 0, 0, 0, 0, 0, 0, 0, 31, 1, 0),
(190, 2, 3, 0, 22, 18, 5, 9, 4, 9, 1, 0, 0, 0, 0, 0, 0, 0, 0, 0, 0, 0, 5, 9, 0, 0, 0, 0, 0, 0, 0, 0, 0, 0, 0, 0, 0, 0, 0, 0, 0, 0, 0, 0, 14, 1, 0),
(191, 2, 3, 0, 22, 18, 10, 12, 10, 12, 0, 0, 0, 0, 0, 0, 0, 0, 0, 0, 0, 0, 10, 12, 0, 0, 0, 0, 0, 0, 0, 0, 0, 0, 0, 0, 0, 0, 0, 0, 0, 0, 0, 0, 22, 1, 0),
(192, 2, 3, 0, 5, 18, 1, 2, 1, 2, 0, 0, 0, 0, 0, 0, 0, 0, 0, 0, 0, 0, 1, 2, 0, 0, 0, 0, 0, 0, 0, 0, 0, 0, 0, 0, 0, 0, 0, 0, 0, 0, 0, 0, 3, 1, 0),
(193, 2, 3, 0, 5, 18, 8, 4, 8, 4, 0, 0, 0, 0, 0, 0, 0, 0, 0, 0, 0, 0, 8, 4, 0, 0, 0, 0, 0, 0, 0, 0, 0, 0, 0, 0, 0, 0, 0, 0, 0, 0, 0, 0, 12, 1, 0),
(194, 2, 3, 0, 5, 18, 5, 4, 5, 4, 0, 0, 0, 0, 0, 0, 0, 0, 0, 0, 0, 0, 5, 4, 0, 0, 0, 0, 0, 0, 0, 0, 0, 0, 0, 0, 0, 0, 0, 0, 0, 0, 0, 0, 9, 1, 0),
(195, 2, 3, 0, 5, 18, 1, 1, 1, 1, 0, 0, 0, 0, 0, 0, 0, 0, 0, 0, 0, 0, 1, 1, 0, 0, 0, 0, 0, 0, 0, 0, 0, 0, 0, 0, 0, 0, 0, 0, 0, 0, 0, 0, 2, 1, 0),
(196, 2, 3, 0, 5, 18, 11, 12, 10, 11, 1, 1, 0, 0, 0, 0, 0, 0, 0, 0, 0, 0, 11, 12, 0, 0, 0, 0, 0, 0, 0, 0, 0, 0, 0, 0, 0, 0, 0, 0, 0, 0, 0, 0, 23, 1, 0),
(197, 2, 3, 1, 5, 18, 9, 12, 8, 8, 1, 4, 0, 0, 0, 0, 0, 0, 0, 0, 0, 0, 9, 12, 0, 0, 0, 0, 0, 0, 0, 0, 0, 0, 0, 0, 0, 0, 0, 0, 0, 0, 0, 0, 21, 1, 0),
(198, 2, 3, 2, 5, 18, 4, 5, 4, 3, 0, 2, 0, 0, 0, 0, 0, 0, 0, 0, 0, 0, 4, 5, 0, 0, 0, 0, 0, 0, 0, 0, 0, 0, 0, 0, 0, 0, 0, 0, 0, 0, 0, 0, 9, 1, 0),
(199, 2, 3, 1, 5, 18, 2, 10, 2, 8, 0, 2, 0, 0, 0, 0, 0, 0, 0, 0, 0, 0, 2, 10, 0, 0, 0, 0, 0, 0, 0, 0, 0, 0, 0, 0, 0, 0, 0, 0, 0, 0, 0, 0, 12, 1, 0),
(200, 2, 3, 2, 5, 18, 10, 14, 9, 13, 1, 2, 0, 0, 0, 0, 0, 0, 0, 0, 0, 0, 10, 14, 0, 0, 0, 0, 0, 0, 0, 0, 0, 0, 0, 0, 0, 0, 0, 0, 0, 0, 0, 0, 24, 1, 0),
(201, 2, 3, 0, 5, 18, 5, 11, 4, 10, 0, 1, 1, 0, 0, 0, 0, 0, 0, 0, 0, 0, 5, 11, 0, 0, 0, 0, 0, 0, 0, 0, 0, 0, 0, 0, 0, 0, 0, 0, 0, 0, 0, 0, 16, 1, 0),
(202, 2, 3, 0, 5, 18, 2, 9, 1, 8, 1, 0, 1, 0, 0, 0, 0, 0, 0, 0, 0, 0, 2, 9, 0, 0, 0, 0, 0, 0, 0, 0, 0, 0, 0, 0, 0, 0, 0, 0, 0, 0, 0, 0, 11, 1, 0),
(203, 2, 3, 1, 5, 18, 7, 7, 6, 7, 1, 0, 0, 0, 0, 0, 0, 0, 0, 0, 0, 0, 7, 7, 0, 0, 0, 0, 0, 0, 0, 0, 0, 0, 0, 0, 0, 0, 0, 0, 0, 0, 0, 0, 14, 1, 0),
(204, 2, 3, 2, 5, 18, 6, 5, 4, 5, 1, 1, 0, 0, 0, 0, 0, 0, 0, 0, 0, 0, 6, 5, 0, 0, 0, 0, 0, 0, 0, 0, 0, 0, 0, 0, 0, 0, 0, 0, 0, 0, 0, 0, 11, 1, 0),
(205, 2, 3, 0, 5, 18, 11, 19, 11, 18, 0, 1, 0, 0, 0, 0, 0, 0, 0, 0, 0, 0, 11, 19, 0, 0, 0, 0, 0, 0, 0, 0, 0, 0, 0, 0, 0, 0, 0, 0, 0, 0, 0, 0, 30, 1, 0),
(206, 2, 3, 0, 5, 18, 7, 3, 5, 2, 2, 1, 0, 0, 0, 0, 0, 0, 0, 0, 0, 0, 7, 3, 0, 0, 0, 0, 0, 0, 0, 0, 0, 0, 0, 0, 0, 0, 0, 0, 0, 0, 0, 0, 10, 1, 0),
(207, 2, 3, 1, 5, 18, 7, 16, 7, 15, 0, 0, 0, 0, 0, 0, 0, 1, 0, 0, 0, 0, 6, 16, 0, 0, 0, 0, 0, 0, 0, 0, 0, 0, 0, 0, 0, 0, 0, 0, 1, 0, 0, 0, 23, 1, 0),
(208, 2, 3, 1, 5, 18, 9, 6, 8, 6, 1, 0, 0, 0, 0, 0, 0, 0, 0, 0, 0, 0, 9, 6, 0, 0, 0, 0, 0, 0, 0, 0, 0, 0, 0, 0, 0, 0, 0, 0, 0, 0, 0, 0, 15, 1, 0),
(209, 2, 1, 0, 5, 18, 109, 146, 107, 133, 2, 13, 0, 0, 0, 0, 0, 0, 0, 0, 0, 0, 109, 146, 0, 0, 0, 0, 0, 0, 0, 0, 0, 0, 0, 0, 0, 0, 0, 0, 0, 0, 0, 0, 255, 1, 0),
(210, 2, 1, 0, 5, 18, 129, 178, 128, 163, 2, 11, 0, 1, 0, 0, 0, 0, 0, 0, 0, 0, 129, 176, 0, 1, 0, 0, 0, 0, 0, 1, 0, 0, 0, 0, 0, 0, 0, 0, 0, 0, 0, 0, 307, 1, 0),
(211, 2, 1, 0, 5, 18, 105, 152, 97, 128, 7, 25, 0, 0, 0, 0, 0, 0, 0, 0, 0, 0, 104, 151, 0, 1, 0, 0, 0, 0, 1, 0, 0, 0, 0, 0, 0, 0, 0, 0, 0, 0, 0, 0, 257, 1, 0),
(212, 2, 1, 0, 3, 18, 135, 173, 130, 151, 8, 22, 0, 2, 0, 0, 0, 0, 0, 0, 0, 0, 135, 173, 0, 0, 0, 0, 0, 0, 0, 0, 0, 0, 0, 0, 0, 0, 0, 0, 0, 0, 0, 0, 308, 1, 0),
(213, 2, 1, 0, 3, 18, 116, 133, 106, 110, 9, 19, 1, 3, 0, 0, 0, 0, 0, 0, 0, 0, 114, 131, 0, 2, 1, 0, 0, 0, 1, 0, 0, 0, 0, 0, 0, 0, 0, 0, 0, 0, 1, 0, 249, 1, 0),
(214, 2, 1, 0, 3, 18, 130, 162, 118, 137, 11, 21, 1, 4, 0, 0, 0, 0, 0, 0, 0, 0, 128, 161, 1, 1, 0, 0, 0, 0, 1, 0, 0, 0, 0, 0, 0, 0, 0, 0, 0, 0, 1, 0, 292, 1, 0),
(215, 2, 1, 0, 3, 18, 106, 141, 94, 120, 11, 18, 1, 3, 0, 0, 0, 0, 0, 0, 0, 0, 106, 140, 0, 1, 0, 0, 0, 0, 0, 0, 0, 0, 0, 0, 0, 0, 0, 0, 0, 0, 0, 0, 247, 1, 0),
(216, 2, 1, 0, 3, 18, 126, 163, 114, 142, 11, 18, 1, 3, 0, 0, 0, 0, 0, 0, 0, 0, 124, 163, 1, 0, 0, 0, 0, 0, 0, 0, 0, 0, 0, 0, 1, 0, 0, 0, 0, 0, 3, 1, 289, 1, 0),
(217, 2, 1, 0, 3, 18, 93, 117, 83, 102, 9, 13, 1, 2, 0, 0, 0, 0, 0, 0, 0, 0, 92, 117, 1, 0, 0, 0, 0, 0, 0, 0, 0, 0, 0, 0, 0, 0, 0, 0, 0, 0, 2, 1, 210, 1, 0),
(218, 2, 1, 0, 3, 18, 114, 141, 102, 128, 11, 12, 1, 2, 0, 0, 0, 0, 0, 0, 0, 0, 113, 141, 1, 0, 0, 0, 0, 0, 0, 0, 0, 0, 0, 0, 0, 0, 0, 0, 0, 0, 1, 3, 255, 1, 0),
(219, 2, 1, 0, 3, 18, 95, 112, 84, 102, 10, 9, 1, 1, 0, 0, 0, 0, 0, 0, 0, 0, 94, 111, 1, 1, 0, 0, 0, 0, 0, 0, 0, 0, 0, 0, 0, 0, 0, 0, 0, 0, 0, 3, 207, 1, 0),
(220, 2, 1, 0, 3, 18, 86, 106, 76, 97, 9, 8, 1, 1, 0, 0, 0, 0, 0, 0, 0, 0, 85, 105, 1, 1, 0, 0, 0, 0, 0, 0, 0, 0, 0, 0, 0, 0, 0, 0, 0, 0, 1, 2, 192, 1, 0),
(221, 2, 1, 0, 3, 18, 59, 84, 55, 77, 5, 4, 0, 0, 1, 1, 0, 0, 0, 0, 0, 0, 58, 83, 1, 1, 0, 0, 0, 0, 0, 0, 0, 0, 0, 0, 0, 0, 0, 0, 0, 0, 0, 2, 143, 1, 0),
(222, 2, 1, 0, 3, 18, 48, 77, 44, 69, 5, 6, 0, 0, 0, 0, 0, 1, 0, 0, 0, 0, 48, 76, 0, 0, 0, 0, 0, 0, 0, 0, 0, 1, 0, 0, 0, 0, 0, 0, 0, 0, 0, 2, 125, 1, 0),
(223, 2, 1, 0, 3, 18, 58, 0, 58, 0, 0, 0, 0, 0, 0, 0, 0, 0, 0, 0, 0, 0, 58, 0, 0, 0, 0, 0, 0, 0, 0, 0, 0, 0, 0, 0, 0, 0, 0, 0, 0, 0, 1, 0, 58, 1, 0),
(224, 2, 1, 0, 3, 18, 23, 0, 20, 0, 2, 0, 1, 0, 0, 0, 0, 0, 0, 0, 0, 0, 23, 0, 0, 0, 0, 0, 0, 0, 0, 0, 0, 0, 0, 0, 0, 0, 0, 0, 0, 0, 0, 0, 23, 1, 0),
(225, 2, 1, 0, 3, 18, 40, 48, 34, 43, 4, 4, 1, 1, 0, 0, 0, 0, 0, 0, 1, 0, 39, 47, 1, 1, 0, 0, 0, 0, 0, 0, 0, 0, 0, 0, 0, 0, 0, 0, 0, 0, 0, 2, 88, 1, 0),
(226, 2, 1, 0, 3, 18, 35, 55, 30, 48, 3, 6, 1, 1, 0, 0, 0, 0, 0, 0, 1, 0, 34, 54, 1, 1, 0, 0, 0, 0, 0, 0, 0, 0, 0, 0, 0, 0, 0, 0, 0, 0, 0, 2, 90, 1, 0),
(227, 2, 1, 0, 9, 18, 8, 6, 6, 6, 2, 0, 0, 0, 0, 0, 0, 0, 0, 0, 0, 0, 8, 6, 0, 0, 0, 0, 0, 0, 0, 0, 0, 0, 0, 0, 0, 0, 0, 0, 0, 0, 0, 0, 14, 1, 0),
(228, 2, 3, 0, 9, 18, 5, 2, 5, 1, 0, 1, 0, 0, 0, 0, 0, 0, 0, 0, 0, 0, 5, 2, 0, 0, 0, 0, 0, 0, 0, 0, 0, 0, 0, 0, 0, 0, 0, 0, 0, 0, 0, 0, 7, 1, 0),
(229, 2, 3, 0, 9, 18, 6, 13, 6, 13, 0, 0, 0, 0, 0, 0, 0, 0, 0, 0, 0, 0, 6, 13, 0, 0, 0, 0, 0, 0, 0, 0, 0, 0, 0, 0, 0, 0, 0, 0, 0, 0, 0, 0, 19, 1, 0),
(230, 2, 3, 0, 9, 18, 3, 12, 3, 11, 0, 1, 0, 0, 0, 0, 0, 0, 0, 0, 0, 0, 3, 12, 0, 0, 0, 0, 0, 0, 0, 0, 0, 0, 0, 0, 0, 0, 0, 0, 0, 0, 0, 0, 15, 1, 0),
(231, 2, 3, 0, 9, 18, 6, 10, 6, 8, 0, 2, 0, 0, 0, 0, 0, 0, 0, 0, 0, 0, 6, 10, 0, 0, 0, 0, 0, 0, 0, 0, 0, 0, 0, 0, 0, 0, 0, 0, 0, 0, 0, 0, 16, 1, 0),
(232, 2, 3, 0, 9, 19, 13, 20, 13, 20, 0, 0, 0, 0, 0, 0, 0, 0, 0, 0, 0, 0, 13, 20, 0, 0, 0, 0, 0, 0, 0, 0, 0, 0, 0, 0, 0, 0, 0, 0, 0, 0, 0, 0, 33, 1, 0),
(233, 2, 3, 0, 9, 19, 8, 13, 8, 13, 0, 0, 0, 0, 0, 0, 0, 0, 0, 0, 0, 0, 8, 13, 0, 0, 0, 0, 0, 0, 0, 0, 0, 0, 0, 0, 0, 0, 0, 0, 0, 0, 0, 0, 21, 1, 0),
(234, 2, 3, 0, 9, 19, 3, 13, 3, 12, 0, 0, 0, 0, 0, 0, 0, 0, 0, 0, 0, 0, 3, 13, 0, 0, 0, 0, 0, 0, 0, 0, 0, 0, 0, 0, 0, 0, 0, 0, 0, 0, 0, 0, 16, 1, 0),
(235, 2, 3, 0, 9, 19, 0, 6, 1, 5, 0, 0, 0, 0, 0, 0, 0, 0, 0, 0, 0, 0, 0, 6, 0, 0, 0, 0, 0, 0, 0, 0, 0, 0, 0, 0, 0, 0, 0, 0, 0, 0, 0, 0, 6, 1, 0),
(236, 2, 3, 0, 9, 19, 2, 3, 2, 3, 0, 0, 0, 0, 0, 0, 0, 0, 0, 0, 0, 0, 2, 3, 0, 0, 0, 0, 0, 0, 0, 0, 0, 0, 0, 0, 0, 0, 0, 0, 0, 0, 0, 0, 5, 1, 0),
(237, 2, 3, 0, 9, 19, 5, 17, 4, 16, 1, 1, 0, 0, 0, 0, 0, 0, 0, 0, 0, 0, 5, 17, 0, 0, 0, 0, 0, 0, 0, 0, 0, 0, 0, 0, 0, 0, 0, 0, 0, 0, 0, 0, 22, 1, 0),
(238, 2, 3, 1, 9, 19, 6, 29, 6, 29, 0, 0, 0, 0, 0, 0, 0, 0, 0, 0, 0, 0, 6, 29, 0, 0, 0, 0, 0, 0, 0, 0, 0, 0, 0, 0, 0, 0, 0, 0, 0, 0, 0, 0, 35, 1, 0),
(239, 2, 3, 2, 9, 19, 0, 4, 0, 4, 0, 0, 0, 0, 0, 0, 0, 0, 0, 0, 0, 0, 0, 4, 0, 0, 0, 0, 0, 0, 0, 0, 0, 0, 0, 0, 0, 0, 0, 0, 0, 0, 0, 0, 4, 1, 0),
(240, 2, 3, 1, 9, 19, 1, 14, 1, 14, 0, 0, 0, 0, 0, 0, 0, 0, 0, 0, 0, 0, 1, 14, 0, 0, 0, 0, 0, 0, 0, 0, 0, 0, 0, 0, 0, 0, 0, 0, 0, 0, 0, 0, 15, 1, 0),
(241, 2, 3, 2, 9, 19, 1, 0, 1, 0, 0, 0, 0, 0, 0, 0, 0, 0, 0, 0, 0, 0, 1, 0, 0, 0, 0, 0, 0, 0, 0, 0, 0, 0, 0, 0, 0, 0, 0, 0, 0, 0, 0, 0, 1, 1, 0),
(242, 2, 3, 0, 9, 19, 6, 14, 2, 11, 0, 1, 0, 0, 0, 0, 0, 0, 0, 0, 0, 0, 6, 14, 0, 0, 0, 0, 0, 0, 0, 0, 0, 0, 0, 0, 0, 0, 0, 0, 0, 0, 0, 0, 20, 1, 0),
(243, 2, 3, 0, 6, 19, 6, 7, 4, 5, 2, 2, 0, 0, 0, 0, 0, 0, 0, 0, 0, 0, 6, 7, 0, 0, 0, 0, 0, 0, 0, 0, 0, 0, 0, 0, 0, 0, 0, 0, 0, 0, 0, 0, 13, 1, 0),
(244, 2, 3, 1, 6, 19, 1, 18, 1, 12, 0, 6, 0, 0, 0, 0, 0, 0, 0, 0, 0, 0, 1, 18, 0, 0, 0, 0, 0, 0, 0, 0, 0, 0, 0, 0, 0, 0, 0, 0, 0, 0, 0, 0, 19, 1, 0),
(245, 2, 3, 2, 6, 19, 1, 4, 1, 3, 0, 1, 0, 0, 0, 0, 0, 0, 0, 0, 0, 0, 1, 4, 0, 0, 0, 0, 0, 0, 0, 0, 0, 0, 0, 0, 0, 0, 0, 0, 0, 0, 0, 0, 5, 1, 0),
(246, 2, 3, 0, 6, 19, 2, 8, 0, 8, 2, 0, 0, 0, 0, 0, 0, 0, 0, 0, 0, 0, 2, 8, 0, 0, 0, 0, 0, 0, 0, 0, 0, 0, 0, 0, 0, 0, 0, 0, 0, 0, 0, 0, 10, 1, 0),
(247, 2, 3, 0, 6, 19, 0, 7, 0, 7, 0, 0, 0, 0, 0, 0, 0, 0, 0, 0, 0, 0, 0, 7, 0, 0, 0, 0, 0, 0, 0, 0, 0, 0, 0, 0, 0, 0, 0, 0, 0, 0, 0, 0, 7, 1, 0),
(248, 2, 3, 1, 6, 19, 2, 14, 2, 14, 0, 0, 0, 0, 0, 0, 0, 0, 0, 0, 0, 0, 2, 14, 0, 0, 0, 0, 0, 0, 0, 0, 0, 0, 0, 0, 0, 0, 0, 0, 0, 0, 0, 0, 16, 1, 0),
(249, 2, 3, 1, 6, 19, 1, 13, 1, 10, 0, 0, 3, 0, 0, 0, 0, 0, 0, 0, 0, 0, 1, 13, 0, 0, 0, 0, 0, 0, 0, 0, 0, 0, 0, 0, 0, 0, 0, 0, 0, 0, 0, 0, 14, 1, 0),
(250, 2, 1, 0, 6, 19, 47, 191, 42, 178, 5, 11, 0, 2, 0, 0, 0, 0, 0, 0, 0, 0, 47, 191, 0, 0, 0, 0, 0, 0, 0, 0, 0, 0, 0, 0, 0, 0, 0, 0, 0, 0, 0, 0, 238, 1, 0),
(251, 2, 1, 0, 6, 19, 59, 249, 53, 227, 7, 20, 0, 2, 0, 0, 0, 0, 0, 0, 0, 0, 59, 249, 0, 0, 0, 0, 0, 0, 0, 0, 0, 0, 0, 0, 0, 0, 0, 0, 0, 0, 0, 0, 308, 1, 0),
(252, 2, 1, 0, 6, 19, 52, 208, 44, 180, 8, 28, 0, 0, 0, 0, 0, 0, 0, 0, 0, 0, 52, 208, 0, 0, 0, 0, 0, 0, 0, 0, 0, 0, 0, 0, 0, 0, 0, 0, 0, 0, 0, 0, 260, 1, 0),
(253, 2, 1, 0, 6, 19, 55, 221, 46, 192, 9, 29, 0, 0, 0, 0, 0, 0, 0, 0, 0, 0, 55, 221, 0, 0, 0, 0, 0, 0, 0, 0, 0, 0, 0, 0, 0, 0, 0, 0, 0, 0, 0, 0, 276, 1, 0),
(254, 2, 1, 0, 6, 19, 48, 188, 40, 160, 6, 27, 0, 0, 0, 0, 0, 0, 0, 0, 0, 0, 46, 187, 0, 1, 1, 0, 0, 0, 1, 0, 0, 0, 0, 0, 0, 0, 0, 0, 0, 0, 0, 0, 236, 1, 0),
(255, 2, 1, 0, 6, 19, 58, 201, 47, 177, 9, 24, 2, 0, 0, 0, 0, 0, 0, 0, 0, 0, 57, 201, 1, 0, 0, 0, 0, 0, 0, 0, 0, 0, 0, 0, 0, 0, 0, 0, 0, 0, 0, 0, 259, 1, 0),
(256, 2, 1, 0, 6, 19, 42, 157, 34, 137, 8, 19, 1, 0, 0, 0, 0, 0, 0, 0, 0, 0, 41, 157, 1, 0, 0, 0, 0, 0, 0, 0, 0, 0, 0, 0, 0, 0, 0, 0, 0, 0, 1, 0, 199, 1, 0),
(257, 2, 1, 0, 6, 19, 46, 163, 39, 148, 6, 15, 1, 0, 0, 0, 0, 0, 0, 0, 0, 0, 46, 163, 0, 0, 0, 0, 0, 0, 0, 0, 0, 0, 0, 0, 0, 0, 0, 0, 0, 0, 0, 0, 209, 1, 0),
(258, 2, 1, 0, 6, 19, 35, 107, 29, 95, 6, 12, 0, 0, 0, 0, 0, 0, 0, 0, 0, 0, 35, 107, 0, 0, 0, 0, 0, 0, 0, 0, 0, 0, 0, 0, 0, 0, 0, 0, 0, 0, 0, 0, 142, 1, 0),
(259, 2, 1, 0, 6, 19, 43, 128, 34, 115, 9, 13, 0, 0, 0, 0, 0, 0, 0, 0, 0, 0, 43, 128, 0, 0, 0, 0, 0, 0, 0, 0, 0, 0, 0, 0, 0, 0, 0, 0, 0, 0, 0, 0, 171, 1, 0),
(260, 2, 1, 0, 6, 19, 36, 101, 33, 87, 7, 10, 0, 0, 0, 0, 0, 0, 0, 0, 0, 0, 36, 101, 0, 0, 0, 0, 0, 0, 0, 0, 0, 0, 0, 0, 0, 0, 0, 0, 0, 0, 0, 0, 137, 1, 0),
(261, 2, 1, 0, 6, 19, 35, 90, 28, 82, 7, 8, 0, 0, 0, 0, 0, 0, 0, 0, 0, 0, 35, 90, 0, 0, 0, 0, 0, 0, 0, 0, 0, 0, 0, 0, 0, 0, 0, 0, 0, 0, 0, 0, 125, 1, 0),
(262, 2, 1, 0, 6, 19, 30, 61, 24, 57, 6, 4, 0, 0, 0, 0, 0, 0, 0, 0, 0, 0, 30, 61, 0, 0, 0, 0, 0, 0, 0, 0, 0, 0, 0, 0, 0, 0, 0, 0, 0, 0, 0, 0, 91, 1, 0),
(263, 2, 1, 0, 6, 19, 30, 63, 22, 55, 7, 8, 0, 0, 0, 0, 0, 0, 0, 0, 0, 0, 29, 63, 1, 0, 0, 0, 0, 0, 0, 0, 0, 0, 0, 0, 0, 0, 0, 0, 0, 0, 0, 0, 93, 1, 0),
(264, 2, 1, 0, 6, 19, 40, 0, 30, 0, 10, 0, 0, 0, 0, 0, 0, 0, 0, 0, 0, 0, 40, 0, 0, 0, 0, 0, 0, 0, 0, 0, 0, 0, 0, 0, 0, 0, 0, 0, 0, 0, 0, 0, 40, 1, 0),
(265, 2, 1, 0, 6, 19, 15, 0, 11, 0, 4, 0, 0, 0, 0, 0, 0, 0, 0, 0, 0, 0, 15, 0, 0, 0, 0, 0, 0, 0, 0, 0, 0, 0, 0, 0, 0, 0, 0, 0, 0, 0, 0, 0, 15, 1, 0),
(266, 2, 1, 0, 1, 19, 17, 34, 11, 30, 6, 4, 0, 0, 0, 0, 0, 0, 0, 0, 0, 0, 17, 34, 0, 0, 0, 0, 0, 0, 0, 0, 0, 0, 0, 0, 0, 0, 0, 0, 0, 0, 0, 0, 51, 1, 0),
(267, 2, 1, 0, 1, 19, 14, 34, 10, 30, 4, 4, 0, 0, 0, 0, 0, 0, 0, 0, 0, 0, 14, 34, 0, 0, 0, 0, 0, 0, 0, 0, 0, 0, 0, 0, 0, 0, 0, 0, 0, 0, 0, 0, 48, 1, 0),
(268, 2, 1, 0, 1, 19, 4, 5, 3, 4, 1, 1, 0, 0, 0, 0, 0, 0, 0, 0, 0, 0, 4, 5, 0, 0, 0, 0, 0, 0, 0, 0, 0, 0, 0, 0, 0, 0, 0, 0, 0, 0, 0, 0, 9, 1, 0),
(269, 2, 1, 0, 1, 20, 27, 0, 25, 0, 1, 0, 0, 0, 0, 0, 0, 0, 0, 0, 1, 0, 26, 0, 0, 0, 0, 0, 0, 0, 0, 0, 0, 0, 1, 0, 0, 0, 0, 0, 0, 0, 0, 0, 27, 1, 0),
(270, 2, 3, 0, 1, 20, 9, 0, 9, 0, 0, 0, 0, 0, 0, 0, 0, 0, 0, 0, 0, 0, 9, 0, 0, 0, 0, 0, 0, 0, 0, 0, 0, 0, 0, 0, 0, 0, 0, 0, 0, 0, 0, 0, 9, 1, 0),
(271, 2, 3, 0, 1, 20, 4, 0, 4, 0, 0, 0, 0, 0, 0, 0, 0, 0, 0, 0, 0, 0, 4, 0, 0, 0, 0, 0, 0, 0, 0, 0, 0, 0, 0, 0, 0, 0, 0, 0, 0, 0, 0, 0, 4, 1, 0),
(272, 2, 3, 0, 1, 20, 8, 2, 8, 2, 0, 0, 0, 0, 0, 0, 0, 0, 0, 0, 0, 0, 8, 2, 0, 0, 0, 0, 0, 0, 0, 0, 0, 0, 0, 0, 0, 0, 0, 0, 0, 0, 0, 0, 10, 1, 0),
(273, 2, 3, 0, 1, 20, 1, 1, 1, 1, 0, 0, 0, 0, 0, 0, 0, 0, 0, 0, 0, 0, 1, 1, 0, 0, 0, 0, 0, 0, 0, 0, 0, 0, 0, 0, 0, 0, 0, 0, 0, 0, 0, 0, 2, 1, 0),
(274, 2, 3, 0, 1, 20, 9, 1, 6, 1, 2, 0, 1, 0, 0, 0, 0, 0, 0, 0, 0, 0, 9, 1, 0, 0, 0, 0, 0, 0, 0, 0, 0, 0, 0, 0, 0, 0, 0, 0, 0, 0, 0, 0, 10, 1, 0),
(275, 2, 3, 0, 1, 20, 7, 3, 6, 1, 1, 2, 0, 0, 0, 0, 0, 0, 0, 0, 0, 0, 7, 3, 0, 0, 0, 0, 0, 0, 0, 0, 0, 0, 0, 0, 0, 0, 0, 0, 0, 0, 0, 0, 10, 1, 0),
(276, 2, 3, 0, 1, 20, 7, 1, 7, 1, 0, 0, 0, 0, 0, 0, 0, 0, 0, 0, 0, 0, 7, 1, 0, 0, 0, 0, 0, 0, 0, 0, 0, 0, 0, 0, 0, 0, 0, 0, 0, 0, 0, 0, 8, 1, 0),
(277, 2, 3, 0, 1, 20, 4, 2, 4, 2, 0, 0, 0, 0, 0, 0, 0, 0, 0, 0, 0, 0, 4, 2, 0, 0, 0, 0, 0, 0, 0, 0, 0, 0, 0, 0, 0, 0, 0, 0, 0, 0, 0, 0, 6, 1, 0),
(278, 2, 3, 1, 1, 20, 2, 0, 2, 0, 0, 0, 0, 0, 0, 0, 0, 0, 0, 0, 0, 0, 2, 0, 0, 0, 0, 0, 0, 0, 0, 0, 0, 0, 0, 0, 0, 0, 0, 0, 0, 0, 0, 0, 2, 1, 0),
(279, 2, 3, 1, 1, 20, 3, 1, 1, 1, 2, 0, 0, 0, 0, 0, 0, 0, 0, 0, 0, 0, 3, 1, 0, 0, 0, 0, 0, 0, 0, 0, 0, 0, 0, 0, 0, 0, 0, 0, 0, 0, 0, 0, 4, 1, 0),
(280, 2, 3, 1, 1, 20, 8, 1, 7, 1, 1, 0, 0, 0, 0, 0, 0, 0, 0, 0, 0, 0, 8, 1, 0, 0, 0, 0, 0, 0, 0, 0, 0, 0, 0, 0, 0, 0, 0, 0, 0, 0, 0, 0, 9, 1, 0),
(281, 2, 3, 0, 1, 20, 2, 2, 1, 1, 0, 0, 0, 0, 0, 0, 0, 0, 0, 0, 0, 0, 2, 2, 0, 0, 0, 0, 0, 0, 0, 0, 0, 0, 0, 0, 0, 0, 0, 0, 0, 0, 0, 0, 4, 1, 0),
(282, 2, 3, 0, 1, 20, 12, 2, 12, 2, 0, 0, 0, 0, 0, 0, 0, 0, 0, 0, 0, 0, 12, 2, 0, 0, 0, 0, 0, 0, 0, 0, 0, 0, 0, 0, 0, 0, 0, 0, 0, 0, 0, 0, 14, 1, 0),
(283, 2, 3, 1, 1, 20, 7, 0, 7, 0, 0, 0, 0, 0, 0, 0, 0, 0, 0, 0, 0, 0, 7, 0, 0, 0, 0, 0, 0, 0, 0, 0, 0, 0, 0, 0, 0, 0, 0, 0, 0, 0, 0, 0, 7, 1, 0),
(284, 2, 3, 0, 1, 20, 1, 0, 1, 0, 0, 0, 0, 0, 0, 0, 0, 0, 0, 0, 0, 0, 1, 0, 0, 0, 0, 0, 0, 0, 0, 0, 0, 0, 0, 0, 0, 0, 0, 0, 0, 0, 0, 0, 1, 1, 0),
(285, 2, 3, 1, 1, 20, 9, 0, 9, 0, 0, 0, 0, 0, 0, 0, 0, 0, 0, 0, 0, 0, 9, 0, 0, 0, 0, 0, 0, 0, 0, 0, 0, 0, 0, 0, 0, 0, 0, 0, 0, 0, 0, 0, 9, 1, 0),
(286, 2, 3, 1, 1, 20, 5, 2, 5, 1, 0, 1, 0, 0, 0, 0, 0, 0, 0, 0, 0, 0, 5, 2, 0, 0, 0, 0, 0, 0, 0, 0, 0, 0, 0, 0, 0, 0, 0, 0, 0, 0, 0, 0, 7, 1, 0),
(287, 2, 1, 0, 1, 20, 87, 18, 75, 16, 12, 2, 0, 0, 0, 0, 0, 0, 0, 0, 0, 0, 87, 18, 0, 0, 0, 0, 0, 0, 0, 0, 0, 0, 0, 0, 0, 0, 0, 0, 0, 0, 0, 0, 105, 1, 0),
(288, 2, 1, 0, 1, 20, 115, 25, 108, 23, 7, 2, 0, 0, 0, 0, 0, 0, 0, 0, 0, 0, 115, 25, 0, 0, 0, 0, 0, 0, 0, 0, 0, 0, 0, 0, 0, 0, 0, 0, 0, 0, 0, 0, 140, 1, 0),
(289, 2, 1, 0, 1, 20, 83, 19, 76, 16, 8, 2, 0, 0, 0, 0, 0, 0, 0, 0, 0, 0, 83, 19, 0, 0, 0, 0, 0, 0, 0, 0, 0, 0, 0, 0, 0, 0, 0, 0, 0, 0, 0, 0, 102, 1, 0),
(290, 2, 1, 0, 1, 20, 105, 24, 93, 19, 12, 5, 0, 0, 0, 0, 0, 0, 0, 0, 0, 0, 105, 24, 0, 0, 0, 0, 0, 0, 0, 0, 0, 0, 0, 0, 0, 0, 0, 0, 0, 0, 0, 0, 129, 1, 0),
(291, 2, 1, 0, 1, 20, 69, 14, 62, 9, 7, 4, 0, 0, 0, 0, 0, 0, 0, 0, 0, 0, 69, 13, 0, 1, 0, 0, 0, 0, 0, 0, 0, 0, 0, 0, 0, 0, 0, 0, 0, 0, 0, 0, 83, 1, 0),
(292, 2, 1, 0, 1, 20, 101, 15, 91, 13, 9, 3, 0, 0, 0, 0, 0, 0, 0, 0, 0, 0, 101, 15, 0, 0, 0, 0, 0, 0, 0, 0, 0, 0, 0, 0, 0, 0, 0, 0, 0, 0, 1, 0, 116, 1, 0),
(293, 2, 1, 0, 1, 20, 76, 9, 72, 6, 5, 2, 0, 0, 0, 0, 0, 0, 0, 0, 0, 0, 76, 9, 0, 0, 0, 0, 0, 0, 0, 0, 0, 0, 0, 0, 0, 0, 0, 0, 0, 0, 0, 0, 85, 1, 0),
(294, 2, 1, 0, 1, 20, 102, 14, 91, 6, 16, 3, 0, 0, 0, 0, 0, 0, 0, 0, 0, 0, 102, 14, 0, 0, 0, 0, 0, 0, 0, 0, 0, 0, 0, 0, 0, 0, 0, 0, 0, 0, 0, 0, 116, 1, 0),
(295, 2, 1, 0, 1, 20, 88, 13, 80, 8, 9, 4, 0, 0, 0, 0, 0, 0, 0, 0, 0, 0, 88, 13, 0, 0, 0, 0, 0, 0, 0, 0, 0, 0, 0, 0, 0, 0, 0, 0, 0, 0, 0, 0, 101, 1, 0),
(296, 2, 1, 0, 1, 20, 114, 16, 105, 9, 9, 7, 0, 0, 0, 0, 0, 0, 0, 0, 0, 0, 114, 16, 0, 0, 0, 0, 0, 0, 0, 0, 0, 0, 0, 0, 0, 0, 0, 0, 0, 0, 0, 0, 130, 1, 0),
(297, 2, 1, 0, 1, 20, 100, 16, 93, 13, 7, 3, 0, 0, 0, 0, 0, 0, 0, 0, 0, 0, 100, 16, 0, 0, 0, 0, 0, 0, 0, 0, 0, 0, 0, 0, 0, 0, 0, 0, 0, 0, 0, 0, 116, 1, 0),
(298, 2, 1, 0, 1, 20, 88, 12, 80, 10, 7, 1, 0, 1, 0, 0, 0, 0, 0, 0, 1, 0, 87, 12, 0, 0, 0, 0, 0, 0, 0, 0, 0, 0, 1, 0, 0, 0, 0, 0, 0, 0, 0, 0, 100, 1, 0),
(299, 2, 1, 0, 1, 20, 73, 10, 66, 9, 6, 0, 0, 1, 0, 0, 0, 0, 0, 0, 1, 0, 72, 10, 0, 0, 0, 0, 0, 0, 0, 0, 0, 0, 1, 0, 0, 0, 0, 0, 0, 0, 0, 0, 83, 1, 0),
(300, 2, 1, 0, 1, 20, 61, 8, 55, 7, 6, 0, 0, 1, 0, 0, 0, 0, 0, 0, 1, 0, 61, 8, 0, 0, 0, 0, 0, 0, 0, 0, 0, 0, 0, 0, 0, 0, 0, 0, 0, 0, 0, 0, 69, 1, 0),
(301, 2, 1, 0, 1, 20, 39, 0, 37, 0, 1, 0, 0, 0, 0, 0, 0, 0, 0, 0, 1, 0, 38, 0, 0, 0, 0, 0, 0, 0, 0, 0, 0, 0, 1, 0, 0, 0, 0, 0, 0, 0, 0, 0, 39, 1, 0),
(302, 2, 1, 0, 21, 20, 46, 5, 41, 4, 4, 0, 0, 1, 0, 0, 0, 0, 0, 0, 1, 0, 45, 5, 0, 0, 0, 0, 0, 0, 0, 0, 0, 0, 1, 0, 0, 0, 0, 0, 0, 0, 0, 0, 51, 1, 0),
(303, 2, 1, 0, 21, 20, 54, 7, 49, 6, 5, 0, 0, 1, 0, 0, 0, 0, 0, 0, 1, 0, 54, 7, 0, 0, 0, 0, 0, 0, 0, 0, 0, 0, 0, 0, 0, 0, 0, 0, 0, 0, 0, 0, 61, 1, 0),
(304, 2, 1, 0, 21, 20, 22, 1, 21, 1, 1, 0, 0, 0, 0, 0, 0, 0, 0, 0, 0, 0, 21, 1, 0, 0, 0, 0, 0, 0, 0, 0, 0, 0, 1, 0, 0, 0, 0, 0, 0, 0, 0, 0, 23, 1, 0),
(305, 2, 3, 0, 21, 20, 1, 5, 5, 1, 0, 0, 0, 0, 0, 0, 0, 0, 0, 0, 0, 0, 1, 5, 0, 0, 0, 0, 0, 0, 0, 0, 0, 0, 0, 0, 0, 0, 0, 0, 0, 0, 0, 0, 6, 1, 0),
(306, 2, 3, 0, 21, 21, 11, 4, 11, 4, 0, 0, 0, 0, 0, 0, 0, 0, 0, 0, 0, 0, 11, 4, 0, 0, 0, 0, 0, 0, 0, 0, 0, 0, 0, 0, 0, 0, 0, 0, 0, 0, 0, 0, 15, 1, 0),
(307, 2, 3, 0, 21, 21, 0, 4, 0, 4, 0, 0, 0, 0, 0, 0, 0, 0, 0, 0, 0, 0, 0, 4, 0, 0, 0, 0, 0, 0, 0, 0, 0, 0, 0, 0, 0, 0, 0, 0, 0, 0, 0, 0, 4, 1, 0),
(308, 2, 3, 1, 21, 21, 5, 2, 5, 1, 0, 1, 0, 0, 0, 0, 0, 0, 0, 0, 0, 0, 5, 1, 0, 1, 0, 0, 0, 0, 0, 0, 0, 0, 0, 0, 0, 0, 0, 0, 0, 0, 0, 0, 7, 1, 0),
(309, 2, 3, 2, 21, 21, 1, 3, 1, 3, 0, 0, 0, 0, 0, 0, 0, 0, 0, 0, 0, 0, 1, 3, 0, 0, 0, 0, 0, 0, 0, 0, 0, 0, 0, 0, 0, 0, 0, 0, 0, 0, 0, 0, 4, 1, 0),
(310, 2, 3, 1, 21, 21, 3, 7, 3, 6, 0, 1, 0, 0, 0, 0, 0, 0, 0, 0, 0, 0, 3, 7, 0, 0, 0, 0, 0, 0, 0, 0, 0, 0, 0, 0, 0, 0, 0, 0, 0, 0, 0, 0, 10, 1, 0),
(311, 2, 3, 2, 21, 21, 1, 1, 1, 1, 0, 0, 0, 0, 0, 0, 0, 0, 0, 0, 0, 0, 1, 1, 0, 0, 0, 0, 0, 0, 0, 0, 0, 0, 0, 0, 0, 0, 0, 0, 0, 0, 0, 0, 2, 1, 0),
(312, 2, 1, 0, 21, 21, 38, 0, 33, 0, 4, 0, 0, 0, 0, 0, 1, 0, 0, 0, 0, 0, 38, 0, 0, 0, 0, 0, 0, 0, 0, 0, 0, 0, 0, 0, 0, 0, 0, 0, 0, 0, 0, 0, 38, 1, 0),
(313, 2, 3, 0, 21, 21, 1, 2, 1, 2, 0, 0, 0, 0, 0, 0, 0, 0, 0, 0, 0, 0, 1, 2, 0, 0, 0, 0, 0, 0, 0, 0, 0, 0, 0, 0, 0, 0, 0, 0, 0, 0, 0, 0, 3, 1, 0),
(314, 2, 3, 0, 21, 21, 2, 1, 2, 1, 0, 0, 0, 0, 0, 0, 0, 0, 0, 0, 0, 0, 2, 1, 0, 0, 0, 0, 0, 0, 0, 0, 0, 0, 0, 0, 0, 0, 0, 0, 0, 0, 0, 0, 3, 1, 0),
(315, 2, 3, 0, 21, 21, 1, 0, 1, 0, 0, 0, 0, 0, 0, 0, 0, 0, 0, 0, 0, 0, 1, 0, 0, 0, 0, 0, 0, 0, 0, 0, 0, 0, 0, 0, 0, 0, 0, 0, 0, 0, 0, 0, 1, 1, 0),
(316, 2, 3, 0, 21, 21, 2, 2, 2, 2, 0, 0, 0, 0, 0, 0, 0, 0, 0, 0, 0, 0, 2, 2, 0, 0, 0, 0, 0, 0, 0, 0, 0, 0, 0, 0, 0, 0, 0, 0, 0, 0, 0, 0, 4, 1, 0),
(317, 2, 3, 0, 21, 21, 0, 5, 0, 5, 0, 0, 0, 0, 0, 0, 0, 0, 0, 0, 0, 0, 0, 5, 0, 0, 0, 0, 0, 0, 0, 0, 0, 0, 0, 0, 0, 0, 0, 0, 0, 0, 0, 0, 5, 1, 0),
(318, 2, 3, 0, 21, 21, 3, 1, 3, 1, 0, 0, 0, 0, 0, 0, 0, 0, 0, 0, 0, 0, 3, 1, 0, 0, 0, 0, 0, 0, 0, 0, 0, 0, 0, 0, 0, 0, 0, 0, 0, 0, 0, 0, 4, 1, 0),
(319, 2, 3, 1, 21, 21, 5, 2, 5, 2, 0, 0, 0, 0, 0, 0, 0, 0, 0, 0, 0, 0, 5, 2, 0, 0, 0, 0, 0, 0, 0, 0, 0, 0, 0, 0, 0, 0, 0, 0, 0, 0, 0, 0, 7, 1, 0),
(320, 2, 3, 1, 21, 21, 3, 7, 3, 6, 0, 1, 0, 0, 0, 0, 0, 0, 0, 0, 0, 0, 3, 7, 0, 0, 0, 0, 0, 0, 0, 0, 0, 0, 0, 0, 0, 0, 0, 0, 0, 0, 0, 0, 10, 1, 0),
(321, 2, 3, 2, 21, 21, 1, 1, 1, 1, 0, 0, 0, 0, 0, 0, 0, 0, 0, 0, 0, 0, 1, 1, 0, 0, 0, 0, 0, 0, 0, 0, 0, 0, 0, 0, 0, 0, 0, 0, 0, 0, 0, 0, 2, 1, 0),
(322, 2, 3, 0, 21, 21, 9, 4, 2, 2, 1, 0, 0, 0, 0, 0, 0, 0, 0, 0, 0, 0, 9, 4, 0, 0, 0, 0, 0, 0, 0, 0, 0, 0, 0, 0, 0, 0, 0, 0, 0, 0, 0, 0, 13, 1, 0),
(323, 2, 3, 0, 21, 21, 5, 3, 0, 0, 0, 0, 0, 0, 0, 0, 0, 0, 0, 0, 0, 0, 5, 3, 0, 0, 0, 0, 0, 0, 0, 0, 0, 0, 0, 0, 0, 0, 0, 0, 0, 0, 0, 0, 0, 1, 0),
(324, 2, 3, 1, 21, 21, 2, 2, 2, 2, 0, 0, 0, 0, 0, 0, 0, 0, 0, 0, 0, 0, 2, 2, 0, 0, 0, 0, 0, 0, 0, 0, 0, 0, 0, 0, 0, 0, 0, 0, 0, 0, 0, 0, 4, 1, 0),
(325, 2, 1, 0, 20, 21, 51, 43, 49, 37, 2, 3, 0, 3, 0, 0, 0, 0, 0, 0, 0, 0, 51, 43, 0, 0, 0, 0, 0, 0, 0, 0, 0, 0, 0, 0, 0, 0, 0, 0, 0, 0, 0, 0, 94, 1, 0),
(326, 2, 1, 0, 20, 21, 66, 63, 61, 55, 5, 5, 0, 3, 0, 0, 0, 0, 0, 0, 0, 0, 65, 63, 1, 0, 0, 0, 0, 0, 0, 0, 0, 0, 0, 0, 0, 0, 0, 0, 0, 0, 0, 0, 129, 1, 0);
INSERT INTO `tbl_estadistica_matriz` (`ESTM_ID`, `ESTM_TIPO`, `ESTM_CONDICION`, `ESTM_TIPO_GRADO`, `ESTM_PERIODO`, `ESTM_CARRERA`, `ESTM_GENERO_H`, `ESTM_GENERO_M`, `ESTM_ETNIA_MESTIZO_H`, `ESTM_ETNIA_MESTIZO_M`, `ESTM_ETNIA_INDIGENA_H`, `ESTM_ETNIA_INDIGENA_M`, `ESTM_ETNIA_AFRO_H`, `ESTM_ETNIA_AFRO_M`, `ESTM_ETNIA_MONTUBIO_H`, `ESTM_ETNIA_MONTUBIO_M`, `ESTM_ETNIA_MULATO_H`, `ESTM_ETNIA_MULATO_M`, `ESTM_ETNIA_NEGRO_H`, `ESTM_ETNIA_NEGRO_M`, `ESTM_ETNIA_BLANCO_H`, `ESTM_ETNIA_BLANCO_M`, `ESTM_NACIONALIDAD_EC_H`, `ESTM_NACIONALIDAD_EC_M`, `ESTM_NACIONALIDAD_COL_H`, `ESTM_NACIONALIDAD_COL_M`, `ESTM_NACIONALIDAD_ESP_H`, `ESTM_NACIONALIDAD_ESP_M`, `ESTM_NACIONALIDAD_FRA_H`, `ESTM_NACIONALIDAD_FRA_M`, `ESTM_NACIONALIDAD_USA_H`, `ESTM_NACIONALIDAD_USA_M`, `ESTM_NACIONALIDAD_PER_H`, `ESTM_NACIONALIDAD_PER_M`, `ESTM_NACIONALIDAD_RUM_H`, `ESTM_NACIONALIDAD_RUM_M`, `ESTM_NACIONALIDAD_CUB_H`, `ESTM_NACIONALIDAD_CUB_M`, `ESTM_NACIONALIDAD_URC_H`, `ESTM_NACIONALIDAD_URC_M`, `ESTM_NACIONALIDAD_VEN_H`, `ESTM_NACIONALIDAD_VEN_M`, `ESTM_DISCAPACIDAD_H`, `ESTM_DISCAPACIDAD_M`, `ESTM_TOTAL`, `ESTM_SEDE`, `ESTM_ESTADO`) VALUES
(327, 2, 1, 0, 20, 21, 55, 49, 53, 42, 2, 4, 0, 3, 0, 0, 0, 0, 0, 0, 0, 0, 55, 48, 0, 1, 0, 0, 0, 0, 0, 0, 0, 0, 0, 0, 0, 0, 0, 0, 0, 0, 0, 0, 104, 1, 0),
(328, 2, 1, 0, 20, 21, 67, 52, 60, 46, 7, 4, 0, 2, 0, 0, 0, 0, 0, 0, 0, 0, 67, 52, 0, 0, 0, 0, 0, 0, 0, 0, 0, 0, 0, 0, 0, 0, 0, 0, 0, 0, 0, 0, 119, 1, 0),
(329, 2, 1, 0, 20, 21, 65, 47, 57, 42, 7, 4, 0, 2, 0, 0, 0, 0, 0, 0, 0, 0, 65, 47, 0, 0, 0, 0, 0, 0, 0, 0, 0, 0, 0, 0, 0, 0, 0, 0, 0, 0, 1, 0, 112, 1, 0),
(330, 2, 1, 0, 20, 21, 78, 58, 69, 51, 7, 5, 2, 2, 0, 0, 0, 0, 0, 0, 0, 0, 78, 58, 0, 0, 0, 0, 0, 0, 0, 0, 0, 0, 0, 0, 0, 0, 0, 0, 0, 0, 1, 0, 136, 1, 0),
(331, 2, 1, 0, 20, 21, 68, 49, 60, 41, 6, 6, 2, 2, 0, 0, 0, 0, 0, 0, 0, 0, 67, 48, 1, 1, 0, 0, 0, 0, 0, 0, 0, 0, 0, 0, 0, 0, 0, 0, 0, 0, 1, 0, 117, 1, 0),
(332, 2, 1, 0, 20, 21, 90, 56, 79, 49, 9, 5, 2, 2, 0, 0, 0, 0, 0, 0, 0, 0, 89, 54, 1, 1, 0, 0, 0, 0, 0, 0, 0, 0, 0, 0, 0, 0, 0, 0, 0, 1, 1, 0, 146, 1, 0),
(333, 2, 1, 0, 20, 21, 81, 42, 69, 38, 10, 4, 2, 0, 0, 0, 0, 0, 0, 0, 0, 0, 80, 40, 1, 1, 0, 0, 0, 0, 0, 0, 0, 0, 0, 0, 0, 0, 0, 0, 0, 1, 1, 0, 123, 1, 0),
(334, 2, 1, 0, 20, 21, 86, 48, 75, 42, 9, 6, 2, 0, 0, 0, 0, 0, 0, 0, 0, 0, 85, 46, 1, 1, 0, 0, 0, 0, 0, 0, 0, 0, 0, 0, 0, 0, 0, 0, 0, 1, 1, 0, 134, 1, 0),
(335, 2, 1, 0, 20, 21, 73, 40, 66, 36, 6, 3, 2, 0, 0, 0, 0, 0, 0, 0, 0, 0, 73, 38, 0, 1, 0, 0, 0, 0, 0, 0, 0, 0, 0, 0, 0, 0, 0, 0, 0, 1, 0, 0, 113, 1, 0),
(336, 2, 1, 0, 20, 21, 85, 39, 73, 31, 9, 6, 3, 2, 0, 0, 0, 0, 0, 0, 0, 0, 84, 38, 1, 0, 0, 0, 0, 0, 0, 0, 0, 0, 0, 0, 0, 0, 0, 0, 0, 1, 0, 0, 124, 1, 0),
(337, 2, 1, 0, 20, 21, 73, 30, 60, 24, 9, 6, 3, 1, 1, 0, 0, 0, 0, 0, 0, 0, 72, 30, 1, 0, 0, 0, 0, 0, 0, 0, 0, 0, 0, 0, 0, 0, 0, 0, 0, 0, 0, 0, 103, 1, 0),
(338, 2, 1, 0, 20, 21, 78, 39, 70, 30, 7, 7, 1, 1, 0, 0, 0, 0, 0, 0, 0, 0, 77, 37, 1, 1, 0, 0, 0, 0, 0, 0, 0, 0, 0, 0, 0, 0, 0, 0, 0, 1, 1, 0, 117, 1, 0),
(339, 2, 1, 0, 20, 21, 73, 0, 64, 0, 7, 1, 0, 0, 0, 0, 1, 0, 0, 0, 0, 0, 73, 0, 0, 0, 0, 0, 0, 0, 0, 0, 0, 0, 0, 0, 0, 0, 0, 0, 0, 0, 1, 0, 73, 1, 0),
(340, 2, 1, 0, 20, 21, 60, 30, 54, 28, 4, 2, 1, 0, 0, 0, 1, 1, 0, 0, 0, 0, 60, 30, 0, 0, 0, 0, 0, 0, 0, 0, 0, 0, 0, 0, 0, 0, 0, 0, 0, 0, 1, 0, 90, 1, 0),
(341, 2, 1, 0, 20, 21, 52, 26, 45, 23, 6, 2, 0, 1, 0, 0, 1, 0, 0, 0, 0, 0, 52, 25, 0, 0, 0, 0, 0, 0, 0, 0, 0, 0, 0, 0, 0, 0, 0, 0, 0, 1, 1, 0, 78, 1, 0),
(342, 2, 1, 0, 20, 21, 42, 20, 41, 18, 1, 1, 0, 0, 0, 0, 0, 1, 0, 0, 0, 0, 41, 20, 1, 0, 0, 0, 0, 0, 0, 0, 0, 0, 0, 0, 0, 0, 0, 0, 0, 0, 1, 0, 62, 1, 0),
(343, 2, 3, 0, 20, 22, 3, 3, 3, 3, 0, 0, 0, 0, 0, 0, 0, 0, 0, 0, 0, 0, 3, 3, 0, 0, 0, 0, 0, 0, 0, 0, 0, 0, 0, 0, 0, 0, 0, 0, 0, 0, 0, 0, 6, 1, 0),
(344, 2, 3, 0, 20, 22, 4, 1, 4, 1, 0, 0, 0, 0, 0, 0, 0, 0, 0, 0, 0, 0, 4, 1, 0, 0, 0, 0, 0, 0, 0, 0, 0, 0, 0, 0, 0, 0, 0, 0, 0, 0, 0, 0, 5, 1, 0),
(345, 2, 3, 0, 20, 22, 1, 5, 0, 5, 1, 0, 0, 0, 0, 0, 0, 0, 0, 0, 0, 0, 1, 5, 0, 0, 0, 0, 0, 0, 0, 0, 0, 0, 0, 0, 0, 0, 0, 0, 0, 0, 0, 0, 6, 1, 0),
(346, 2, 3, 0, 20, 22, 2, 2, 2, 2, 0, 0, 0, 0, 0, 0, 0, 0, 0, 0, 0, 0, 2, 2, 0, 0, 0, 0, 0, 0, 0, 0, 0, 0, 0, 0, 0, 0, 0, 0, 0, 0, 0, 0, 4, 1, 0),
(347, 2, 3, 0, 20, 22, 3, 4, 1, 4, 2, 0, 0, 0, 0, 0, 0, 0, 0, 0, 0, 0, 3, 4, 0, 0, 0, 0, 0, 0, 0, 0, 0, 0, 0, 0, 0, 0, 0, 0, 0, 0, 0, 0, 7, 1, 0),
(348, 2, 3, 0, 20, 22, 1, 4, 1, 4, 0, 0, 0, 0, 0, 0, 0, 0, 0, 0, 0, 0, 1, 4, 0, 0, 0, 0, 0, 0, 0, 0, 0, 0, 0, 0, 0, 0, 0, 0, 0, 0, 0, 0, 5, 1, 0),
(349, 2, 3, 0, 14, 22, 2, 2, 2, 1, 0, 0, 0, 1, 0, 0, 0, 0, 0, 0, 0, 0, 2, 2, 0, 0, 0, 0, 0, 0, 0, 0, 0, 0, 0, 0, 0, 0, 0, 0, 0, 0, 0, 0, 4, 1, 0),
(350, 2, 3, 0, 14, 22, 0, 1, 0, 1, 0, 0, 0, 0, 0, 0, 0, 0, 0, 0, 0, 0, 0, 1, 0, 0, 0, 0, 0, 0, 0, 0, 0, 0, 0, 0, 0, 0, 0, 0, 0, 0, 0, 0, 1, 1, 0),
(351, 2, 3, 1, 14, 22, 3, 7, 3, 3, 1, 3, 0, 0, 0, 0, 0, 0, 0, 0, 0, 0, 3, 7, 0, 0, 0, 0, 0, 0, 0, 0, 0, 0, 0, 0, 0, 0, 0, 0, 0, 0, 0, 0, 10, 1, 0),
(352, 2, 3, 1, 14, 22, 1, 2, 1, 2, 0, 0, 0, 0, 0, 0, 0, 0, 0, 0, 0, 0, 1, 2, 0, 0, 0, 0, 0, 0, 0, 0, 0, 0, 0, 0, 0, 0, 0, 0, 0, 0, 0, 0, 3, 1, 0),
(353, 2, 3, 0, 14, 22, 2, 1, 5, 1, 0, 0, 0, 0, 0, 0, 0, 0, 0, 0, 0, 0, 2, 1, 0, 0, 0, 0, 0, 0, 0, 0, 0, 0, 0, 0, 0, 0, 0, 0, 0, 0, 0, 0, 3, 1, 0),
(354, 2, 3, 0, 14, 22, 1, 5, 0, 4, 1, 0, 0, 0, 0, 0, 0, 0, 0, 0, 0, 0, 1, 5, 0, 0, 0, 0, 0, 0, 0, 0, 0, 0, 0, 0, 0, 0, 0, 0, 0, 0, 0, 0, 6, 1, 0),
(355, 2, 3, 1, 14, 22, 4, 6, 3, 6, 1, 0, 0, 0, 0, 0, 0, 0, 0, 0, 0, 0, 4, 6, 0, 0, 0, 0, 0, 0, 0, 0, 0, 0, 0, 0, 0, 0, 0, 0, 0, 0, 0, 0, 10, 1, 0),
(356, 2, 3, 0, 14, 22, 0, 12, 1, 9, 0, 2, 0, 0, 0, 0, 0, 0, 0, 0, 0, 0, 0, 10, 0, 1, 0, 0, 0, 0, 0, 0, 0, 0, 0, 0, 0, 0, 0, 0, 0, 1, 0, 1, 12, 1, 0),
(357, 2, 3, 0, 14, 22, 0, 4, 0, 4, 0, 0, 0, 0, 0, 0, 0, 0, 0, 0, 0, 0, 0, 4, 0, 0, 0, 0, 0, 0, 0, 0, 0, 0, 0, 0, 0, 0, 0, 0, 0, 0, 0, 0, 4, 1, 0),
(358, 2, 3, 1, 14, 22, 6, 10, 6, 8, 0, 1, 0, 1, 0, 0, 0, 0, 0, 0, 0, 0, 6, 10, 0, 0, 0, 0, 0, 0, 0, 0, 0, 0, 0, 0, 0, 0, 0, 0, 0, 0, 10, 10, 16, 1, 0),
(359, 2, 3, 2, 14, 22, 1, 0, 1, 0, 0, 0, 0, 0, 0, 0, 0, 0, 0, 0, 0, 0, 1, 0, 0, 0, 0, 0, 0, 0, 0, 0, 0, 0, 0, 0, 0, 0, 0, 0, 0, 0, 0, 0, 1, 1, 0),
(360, 2, 3, 1, 14, 22, 3, 1, 3, 1, 0, 0, 0, 0, 0, 0, 0, 0, 0, 0, 0, 0, 3, 1, 0, 0, 0, 0, 0, 0, 0, 0, 0, 0, 0, 0, 0, 0, 0, 0, 0, 0, 0, 0, 4, 1, 0),
(361, 2, 1, 0, 14, 22, 31, 49, 27, 45, 4, 2, 0, 2, 0, 0, 0, 0, 0, 0, 0, 0, 31, 49, 0, 0, 0, 0, 0, 0, 0, 0, 0, 0, 0, 0, 0, 0, 0, 0, 0, 0, 0, 0, 80, 1, 0),
(362, 2, 1, 0, 14, 22, 34, 56, 29, 50, 5, 4, 0, 2, 0, 0, 0, 0, 0, 0, 0, 0, 34, 56, 0, 0, 0, 0, 0, 0, 0, 0, 0, 0, 0, 0, 0, 0, 0, 0, 0, 0, 0, 0, 90, 1, 0),
(363, 2, 1, 0, 14, 22, 26, 44, 19, 36, 7, 5, 0, 3, 0, 0, 0, 0, 0, 0, 0, 0, 26, 44, 0, 0, 0, 0, 0, 0, 0, 0, 0, 0, 0, 0, 0, 0, 0, 0, 0, 0, 0, 0, 70, 1, 0),
(364, 2, 1, 0, 14, 22, 53, 59, 44, 51, 8, 6, 0, 3, 0, 0, 0, 0, 0, 0, 0, 0, 53, 59, 0, 0, 0, 0, 0, 0, 0, 0, 0, 0, 0, 0, 0, 0, 0, 0, 0, 0, 0, 0, 112, 1, 0),
(365, 2, 1, 0, 14, 22, 43, 47, 34, 39, 9, 6, 0, 2, 0, 0, 0, 0, 0, 0, 0, 0, 43, 47, 0, 0, 0, 0, 0, 0, 0, 0, 0, 0, 0, 0, 0, 0, 0, 0, 0, 0, 0, 0, 90, 1, 0),
(366, 2, 1, 0, 14, 22, 48, 73, 40, 63, 8, 5, 0, 5, 0, 0, 0, 0, 0, 0, 0, 0, 48, 73, 0, 0, 0, 0, 0, 0, 0, 0, 0, 0, 0, 0, 0, 0, 0, 0, 0, 0, 0, 0, 121, 1, 0),
(367, 2, 1, 0, 14, 22, 48, 68, 36, 59, 12, 5, 0, 4, 0, 0, 0, 0, 0, 0, 0, 0, 48, 68, 0, 0, 0, 0, 0, 0, 0, 0, 0, 0, 0, 0, 0, 0, 0, 0, 0, 0, 0, 0, 116, 1, 0),
(368, 2, 1, 0, 16, 22, 52, 79, 42, 66, 10, 9, 0, 4, 0, 0, 0, 0, 0, 0, 0, 0, 52, 79, 0, 0, 0, 0, 0, 0, 0, 0, 0, 0, 0, 0, 0, 0, 0, 0, 0, 0, 0, 0, 131, 1, 0),
(369, 2, 1, 0, 16, 22, 45, 67, 37, 56, 7, 8, 1, 3, 0, 0, 0, 0, 0, 0, 0, 0, 45, 67, 0, 0, 0, 0, 0, 0, 0, 0, 0, 0, 0, 0, 0, 0, 0, 0, 0, 0, 0, 0, 112, 1, 0),
(370, 2, 1, 0, 16, 22, 50, 71, 42, 58, 7, 10, 1, 3, 0, 0, 0, 0, 0, 0, 0, 0, 50, 70, 0, 0, 0, 0, 0, 0, 0, 0, 0, 0, 0, 0, 0, 0, 0, 0, 0, 1, 0, 0, 121, 1, 0),
(371, 2, 1, 0, 16, 22, 41, 64, 37, 54, 4, 7, 0, 3, 0, 0, 0, 0, 0, 0, 0, 0, 41, 63, 0, 0, 0, 0, 0, 0, 0, 0, 0, 0, 0, 0, 0, 0, 0, 0, 0, 1, 0, 0, 105, 1, 0),
(372, 2, 1, 0, 16, 22, 56, 65, 43, 52, 10, 9, 3, 4, 0, 0, 0, 0, 0, 0, 0, 0, 56, 63, 0, 1, 0, 0, 0, 0, 0, 0, 0, 0, 0, 0, 0, 0, 0, 0, 0, 1, 0, 0, 121, 1, 0),
(373, 2, 1, 0, 16, 22, 37, 48, 29, 37, 6, 7, 2, 3, 0, 1, 0, 0, 0, 0, 0, 0, 37, 47, 0, 1, 0, 0, 0, 0, 0, 0, 0, 0, 0, 0, 0, 0, 0, 0, 0, 0, 0, 0, 85, 1, 0),
(374, 2, 1, 0, 16, 22, 42, 46, 33, 39, 6, 6, 3, 1, 0, 0, 0, 1, 0, 0, 0, 0, 42, 46, 0, 0, 0, 0, 0, 0, 0, 0, 0, 0, 0, 0, 0, 0, 0, 0, 0, 0, 1, 0, 88, 1, 0),
(375, 2, 1, 0, 16, 22, 38, 0, 28, 0, 6, 4, 0, 0, 0, 0, 0, 0, 0, 0, 0, 0, 37, 0, 1, 0, 0, 0, 0, 0, 0, 0, 0, 0, 0, 0, 0, 0, 0, 0, 0, 0, 1, 0, 38, 1, 0),
(376, 2, 1, 0, 16, 22, 28, 0, 20, 0, 5, 0, 3, 0, 0, 0, 0, 0, 0, 0, 0, 0, 27, 0, 1, 0, 0, 0, 0, 0, 0, 0, 0, 0, 0, 0, 0, 0, 0, 0, 0, 0, 0, 0, 28, 1, 0),
(377, 2, 1, 0, 16, 22, 27, 24, 20, 20, 5, 3, 2, 1, 0, 0, 0, 0, 0, 0, 0, 0, 27, 23, 0, 1, 0, 0, 0, 0, 0, 0, 0, 0, 0, 0, 0, 0, 0, 0, 0, 0, 1, 0, 51, 1, 0),
(378, 2, 1, 0, 16, 22, 28, 23, 20, 18, 6, 4, 2, 1, 0, 0, 0, 0, 0, 0, 0, 0, 28, 22, 0, 1, 0, 0, 0, 0, 0, 0, 0, 0, 0, 0, 0, 0, 0, 0, 0, 0, 1, 0, 51, 1, 0),
(379, 2, 1, 0, 16, 22, 13, 7, 8, 6, 3, 1, 2, 0, 0, 0, 0, 0, 0, 0, 0, 0, 13, 7, 0, 0, 0, 0, 0, 0, 0, 0, 0, 0, 0, 0, 0, 0, 0, 0, 0, 0, 1, 0, 20, 1, 0),
(380, 2, 1, 0, 16, 23, 6, 0, 4, 0, 1, 0, 0, 0, 0, 0, 0, 0, 0, 0, 1, 0, 6, 0, 0, 0, 0, 0, 0, 0, 0, 0, 0, 0, 0, 0, 0, 0, 0, 0, 0, 0, 0, 0, 6, 1, 0),
(381, 2, 3, 0, 16, 23, 4, 2, 4, 2, 0, 0, 0, 0, 0, 0, 0, 0, 0, 0, 0, 0, 4, 2, 0, 0, 0, 0, 0, 0, 0, 0, 0, 0, 0, 0, 0, 0, 0, 0, 0, 0, 0, 0, 6, 1, 0),
(382, 2, 3, 0, 16, 23, 5, 1, 5, 1, 0, 0, 0, 0, 0, 0, 0, 0, 0, 0, 0, 0, 5, 1, 0, 0, 0, 0, 0, 0, 0, 0, 0, 0, 0, 0, 0, 0, 0, 0, 0, 0, 0, 0, 6, 1, 0),
(383, 2, 3, 0, 16, 23, 1, 2, 1, 2, 0, 0, 0, 0, 0, 0, 0, 0, 0, 0, 0, 0, 1, 2, 0, 0, 0, 0, 0, 0, 0, 0, 0, 0, 0, 0, 0, 0, 0, 0, 0, 0, 0, 0, 3, 1, 0),
(384, 2, 3, 0, 16, 23, 2, 3, 2, 3, 0, 0, 0, 0, 0, 0, 0, 0, 0, 0, 0, 0, 2, 3, 0, 0, 0, 0, 0, 0, 0, 0, 0, 0, 0, 0, 0, 0, 0, 0, 0, 0, 0, 0, 5, 1, 0),
(385, 2, 3, 0, 18, 23, 5, 4, 5, 4, 0, 0, 0, 0, 0, 0, 0, 0, 0, 0, 0, 0, 5, 4, 0, 0, 0, 0, 0, 0, 0, 0, 0, 0, 0, 0, 0, 0, 0, 0, 0, 0, 0, 0, 9, 1, 0),
(386, 2, 3, 0, 18, 23, 8, 1, 8, 1, 0, 0, 0, 0, 0, 0, 0, 0, 0, 0, 0, 0, 8, 1, 0, 0, 0, 0, 0, 0, 0, 0, 0, 0, 0, 0, 0, 0, 0, 0, 0, 0, 0, 0, 9, 1, 0),
(387, 2, 3, 0, 18, 23, 3, 0, 3, 0, 0, 0, 0, 0, 0, 0, 0, 0, 0, 0, 0, 0, 3, 0, 0, 0, 0, 0, 0, 0, 0, 0, 0, 0, 0, 0, 0, 0, 0, 0, 0, 0, 0, 0, 3, 1, 0),
(388, 2, 3, 0, 18, 23, 4, 2, 4, 2, 0, 0, 0, 0, 0, 0, 0, 0, 0, 0, 0, 0, 4, 2, 0, 0, 0, 0, 0, 0, 0, 0, 0, 0, 0, 0, 0, 0, 0, 0, 0, 0, 0, 0, 6, 1, 0),
(389, 2, 3, 1, 18, 23, 1, 1, 1, 1, 0, 0, 0, 0, 0, 0, 0, 0, 0, 0, 0, 0, 1, 1, 0, 0, 0, 0, 0, 0, 0, 0, 0, 0, 0, 0, 0, 0, 0, 0, 0, 0, 0, 0, 2, 1, 0),
(390, 2, 3, 2, 18, 23, 6, 3, 6, 3, 0, 0, 0, 0, 0, 0, 0, 0, 0, 0, 0, 0, 6, 3, 0, 0, 0, 0, 0, 0, 0, 0, 0, 0, 0, 0, 0, 0, 0, 0, 0, 0, 0, 0, 9, 1, 0),
(391, 2, 3, 1, 18, 23, 1, 0, 1, 0, 0, 0, 0, 0, 0, 0, 0, 0, 0, 0, 0, 0, 1, 0, 0, 0, 0, 0, 0, 0, 0, 0, 0, 0, 0, 0, 0, 0, 0, 0, 0, 0, 0, 0, 1, 1, 0),
(392, 2, 3, 0, 18, 23, 0, 1, 3, 2, 0, 0, 0, 0, 0, 0, 0, 0, 0, 0, 0, 0, 0, 1, 0, 0, 0, 0, 0, 0, 0, 0, 0, 0, 0, 0, 0, 0, 0, 0, 0, 0, 0, 0, 1, 1, 0),
(393, 2, 3, 0, 18, 23, 3, 2, 3, 2, 0, 0, 0, 0, 0, 0, 0, 0, 0, 0, 0, 0, 3, 2, 0, 0, 0, 0, 0, 0, 0, 0, 0, 0, 0, 0, 0, 0, 0, 0, 0, 0, 0, 0, 5, 1, 0),
(394, 2, 3, 1, 18, 23, 1, 0, 1, 0, 0, 0, 0, 0, 0, 0, 0, 0, 0, 0, 0, 0, 1, 0, 0, 0, 0, 0, 0, 0, 0, 0, 0, 0, 0, 0, 0, 0, 0, 0, 0, 0, 0, 0, 1, 1, 0),
(395, 2, 3, 2, 18, 23, 1, 0, 1, 0, 0, 0, 0, 0, 0, 0, 0, 0, 0, 0, 0, 0, 1, 0, 0, 0, 0, 0, 0, 0, 0, 0, 0, 0, 0, 0, 0, 0, 0, 0, 0, 0, 0, 0, 1, 1, 0),
(396, 2, 3, 0, 18, 23, 5, 0, 5, 0, 0, 0, 0, 0, 0, 0, 0, 0, 0, 0, 0, 0, 5, 0, 0, 0, 0, 0, 0, 0, 0, 0, 0, 0, 0, 0, 0, 0, 0, 0, 0, 0, 0, 0, 5, 1, 0),
(397, 2, 3, 0, 18, 23, 1, 2, 1, 2, 0, 0, 0, 0, 0, 0, 0, 0, 0, 0, 0, 0, 1, 2, 0, 0, 0, 0, 0, 0, 0, 0, 0, 0, 0, 0, 0, 0, 0, 0, 0, 0, 0, 0, 3, 1, 0),
(398, 2, 3, 1, 18, 23, 0, 3, 0, 3, 0, 0, 0, 0, 0, 0, 0, 0, 0, 0, 0, 0, 0, 3, 0, 0, 0, 0, 0, 0, 0, 0, 0, 0, 0, 0, 0, 0, 0, 0, 0, 0, 0, 0, 3, 1, 0),
(399, 2, 3, 2, 18, 23, 3, 1, 3, 1, 0, 0, 0, 0, 0, 0, 0, 0, 0, 0, 0, 0, 3, 1, 0, 0, 0, 0, 0, 0, 0, 0, 0, 0, 0, 0, 0, 0, 0, 0, 0, 0, 0, 0, 4, 1, 0),
(400, 2, 3, 1, 18, 23, 6, 3, 6, 3, 0, 0, 0, 0, 0, 0, 0, 0, 0, 0, 0, 0, 6, 3, 0, 0, 0, 0, 0, 0, 0, 0, 0, 0, 0, 0, 0, 0, 0, 0, 0, 0, 0, 0, 9, 1, 0),
(401, 2, 1, 0, 18, 23, 68, 40, 61, 38, 7, 2, 0, 0, 0, 0, 0, 0, 0, 0, 0, 0, 68, 40, 0, 0, 0, 0, 0, 0, 0, 0, 0, 0, 0, 0, 0, 0, 0, 0, 0, 0, 0, 0, 108, 1, 0),
(402, 2, 1, 0, 11, 23, 22, 7, 19, 7, 3, 0, 0, 0, 0, 0, 0, 0, 0, 0, 0, 0, 22, 7, 0, 0, 0, 0, 0, 0, 0, 0, 0, 0, 0, 0, 0, 0, 0, 0, 0, 0, 0, 0, 29, 1, 0),
(403, 2, 1, 0, 11, 23, 68, 23, 60, 23, 8, 0, 0, 0, 0, 0, 0, 0, 0, 0, 0, 0, 68, 23, 0, 0, 0, 0, 0, 0, 0, 0, 0, 0, 0, 0, 0, 0, 0, 0, 0, 0, 0, 0, 91, 1, 0),
(404, 2, 1, 0, 11, 23, 65, 20, 60, 20, 5, 0, 0, 0, 0, 0, 0, 0, 0, 0, 0, 0, 65, 20, 0, 0, 0, 0, 0, 0, 0, 0, 0, 0, 0, 0, 0, 0, 0, 0, 0, 0, 0, 0, 85, 1, 0),
(405, 2, 1, 0, 11, 23, 63, 28, 57, 26, 6, 3, 0, 0, 0, 0, 0, 0, 0, 0, 0, 0, 63, 28, 0, 0, 0, 0, 0, 0, 0, 0, 0, 0, 0, 0, 0, 0, 0, 0, 0, 0, 0, 0, 91, 1, 0),
(406, 2, 1, 0, 11, 23, 65, 23, 60, 22, 5, 1, 0, 0, 0, 0, 0, 0, 0, 0, 0, 0, 65, 22, 0, 0, 0, 0, 0, 0, 0, 0, 0, 0, 0, 0, 0, 1, 0, 0, 0, 0, 0, 0, 88, 1, 0),
(407, 2, 1, 0, 11, 23, 61, 26, 53, 25, 5, 1, 2, 0, 1, 0, 0, 0, 0, 0, 0, 0, 61, 25, 0, 1, 0, 0, 0, 0, 0, 0, 0, 0, 0, 0, 0, 0, 0, 0, 0, 0, 2, 0, 87, 1, 0),
(408, 2, 1, 0, 11, 23, 51, 22, 44, 20, 4, 2, 1, 0, 0, 0, 2, 0, 0, 0, 0, 0, 51, 21, 0, 1, 0, 0, 0, 0, 0, 0, 0, 0, 0, 0, 0, 0, 0, 0, 0, 0, 0, 0, 73, 1, 0),
(409, 2, 1, 0, 11, 23, 46, 28, 46, 27, 0, 1, 0, 0, 0, 0, 0, 0, 0, 0, 0, 0, 46, 28, 0, 0, 0, 0, 0, 0, 0, 0, 0, 0, 0, 0, 0, 0, 0, 0, 0, 0, 0, 0, 74, 1, 0),
(410, 2, 1, 0, 11, 23, 51, 24, 48, 23, 0, 1, 2, 0, 0, 0, 0, 0, 0, 1, 0, 0, 51, 23, 0, 1, 0, 0, 0, 0, 0, 0, 0, 0, 0, 0, 0, 0, 0, 0, 0, 0, 0, 0, 75, 1, 0),
(411, 2, 1, 0, 11, 23, 53, 26, 50, 26, 2, 0, 1, 0, 0, 0, 0, 0, 0, 0, 0, 0, 52, 26, 1, 0, 0, 0, 0, 0, 0, 0, 0, 0, 0, 0, 0, 0, 0, 0, 0, 0, 0, 0, 79, 1, 0),
(412, 2, 1, 0, 11, 23, 56, 27, 51, 27, 4, 0, 0, 0, 0, 0, 0, 0, 0, 0, 1, 0, 56, 27, 0, 0, 0, 0, 0, 0, 0, 0, 0, 0, 0, 0, 0, 0, 0, 0, 0, 0, 0, 0, 83, 1, 0),
(413, 2, 1, 0, 11, 23, 43, 19, 39, 18, 4, 0, 0, 0, 0, 0, 0, 0, 0, 0, 0, 1, 43, 18, 0, 1, 0, 0, 0, 0, 0, 0, 0, 0, 0, 0, 0, 0, 0, 0, 0, 0, 0, 0, 62, 1, 0),
(414, 2, 1, 0, 11, 23, 41, 18, 36, 17, 5, 0, 0, 0, 0, 0, 0, 0, 0, 0, 0, 1, 41, 17, 0, 1, 0, 0, 0, 0, 0, 0, 0, 0, 0, 0, 0, 0, 0, 0, 0, 0, 0, 0, 59, 1, 0),
(415, 2, 1, 0, 11, 23, 34, 12, 31, 11, 3, 0, 0, 0, 0, 0, 0, 0, 0, 0, 0, 1, 34, 12, 0, 0, 0, 0, 0, 0, 0, 0, 0, 0, 0, 0, 0, 0, 0, 0, 0, 0, 0, 0, 46, 1, 0),
(416, 2, 1, 0, 11, 23, 17, 9, 15, 8, 2, 0, 0, 0, 0, 0, 0, 0, 0, 0, 0, 1, 17, 9, 0, 0, 0, 0, 0, 0, 0, 0, 0, 0, 0, 0, 0, 0, 0, 0, 0, 0, 0, 0, 26, 1, 0),
(417, 2, 1, 0, 11, 23, 32, 12, 29, 10, 3, 0, 0, 1, 0, 0, 0, 0, 0, 0, 0, 1, 32, 11, 0, 1, 0, 0, 0, 0, 0, 0, 0, 0, 0, 0, 0, 0, 0, 0, 0, 0, 1, 0, 44, 1, 0),
(418, 2, 1, 0, 11, 23, 17, 8, 17, 8, 0, 0, 0, 0, 0, 0, 0, 0, 0, 0, 0, 0, 17, 8, 0, 0, 0, 0, 0, 0, 0, 0, 0, 0, 0, 0, 0, 0, 0, 0, 0, 0, 0, 0, 25, 1, 0),
(419, 2, 3, 0, 17, 24, 0, 1, 0, 1, 0, 0, 0, 0, 0, 0, 0, 0, 0, 0, 0, 0, 0, 1, 0, 0, 0, 0, 0, 0, 0, 0, 0, 0, 0, 0, 0, 0, 0, 0, 0, 0, 0, 0, 1, 1, 0),
(420, 2, 3, 0, 17, 24, 0, 2, 0, 2, 0, 0, 0, 0, 0, 0, 0, 0, 0, 0, 0, 0, 0, 2, 0, 0, 0, 0, 0, 0, 0, 0, 0, 0, 0, 0, 0, 0, 0, 0, 0, 0, 0, 0, 2, 1, 0),
(421, 2, 3, 0, 17, 24, 2, 1, 2, 1, 0, 0, 0, 0, 0, 0, 0, 0, 0, 0, 0, 0, 2, 0, 0, 1, 0, 0, 0, 0, 0, 0, 0, 0, 0, 0, 0, 0, 0, 0, 0, 0, 0, 0, 3, 1, 0),
(422, 2, 3, 0, 17, 24, 0, 2, 0, 2, 0, 0, 0, 0, 0, 0, 0, 0, 0, 0, 0, 0, 0, 2, 0, 0, 0, 0, 0, 0, 0, 0, 0, 0, 0, 0, 0, 0, 0, 0, 0, 0, 0, 0, 2, 1, 0),
(423, 2, 3, 0, 17, 24, 11, 2, 8, 1, 2, 1, 0, 0, 0, 0, 0, 0, 0, 0, 1, 0, 11, 2, 0, 0, 0, 0, 0, 0, 0, 0, 0, 0, 0, 0, 0, 0, 0, 0, 0, 0, 0, 0, 13, 1, 0),
(424, 2, 3, 0, 17, 24, 1, 3, 1, 3, 0, 0, 0, 0, 0, 0, 0, 0, 0, 0, 0, 0, 1, 3, 0, 0, 0, 0, 0, 0, 0, 0, 0, 0, 0, 0, 0, 0, 0, 0, 0, 0, 0, 0, 4, 1, 0),
(425, 2, 3, 0, 17, 24, 4, 6, 4, 5, 0, 1, 0, 0, 0, 0, 0, 0, 0, 0, 0, 0, 4, 6, 0, 0, 0, 0, 0, 0, 0, 0, 0, 0, 0, 0, 0, 0, 0, 0, 0, 0, 0, 0, 10, 1, 0),
(426, 2, 3, 0, 17, 24, 1, 0, 1, 0, 0, 0, 0, 0, 0, 0, 0, 0, 0, 0, 0, 0, 1, 0, 0, 0, 0, 0, 0, 0, 0, 0, 0, 0, 0, 0, 0, 0, 0, 0, 0, 0, 0, 0, 1, 1, 0),
(427, 2, 3, 1, 17, 24, 3, 1, 3, 1, 0, 0, 0, 0, 0, 0, 0, 0, 0, 0, 0, 0, 3, 1, 0, 0, 0, 0, 0, 0, 0, 0, 0, 0, 0, 0, 0, 0, 0, 0, 0, 0, 0, 0, 4, 1, 0),
(428, 2, 3, 2, 17, 24, 3, 2, 3, 2, 0, 0, 0, 0, 0, 0, 0, 0, 0, 0, 0, 0, 3, 2, 0, 0, 0, 0, 0, 0, 0, 0, 0, 0, 0, 0, 0, 0, 0, 0, 0, 0, 0, 0, 5, 1, 0),
(429, 2, 3, 0, 17, 24, 1, 1, 0, 1, 0, 0, 0, 0, 0, 0, 0, 0, 0, 0, 0, 0, 1, 1, 0, 0, 0, 0, 0, 0, 0, 0, 0, 0, 0, 0, 0, 0, 0, 0, 0, 0, 0, 0, 2, 1, 0),
(430, 2, 3, 0, 17, 24, 3, 0, 3, 0, 0, 0, 0, 0, 0, 0, 0, 0, 0, 0, 0, 0, 3, 0, 0, 0, 0, 0, 0, 0, 0, 0, 0, 0, 0, 0, 0, 0, 0, 0, 0, 0, 0, 0, 3, 1, 0),
(431, 2, 3, 1, 17, 24, 1, 0, 1, 0, 0, 0, 0, 0, 0, 0, 0, 0, 0, 0, 0, 0, 1, 0, 0, 0, 0, 0, 0, 0, 0, 0, 0, 0, 0, 0, 0, 0, 0, 0, 0, 0, 0, 0, 1, 1, 0),
(432, 2, 3, 2, 17, 24, 1, 0, 1, 0, 0, 0, 0, 0, 0, 0, 0, 0, 0, 0, 0, 0, 1, 0, 0, 0, 0, 0, 0, 0, 0, 0, 0, 0, 0, 0, 0, 0, 0, 0, 0, 0, 0, 0, 1, 1, 0),
(433, 2, 3, 1, 17, 24, 2, 1, 2, 1, 0, 0, 0, 0, 0, 0, 0, 0, 0, 0, 0, 0, 2, 1, 0, 0, 0, 0, 0, 0, 0, 0, 0, 0, 0, 0, 0, 0, 0, 0, 0, 0, 0, 0, 3, 1, 0),
(434, 2, 3, 1, 17, 24, 3, 5, 3, 5, 0, 0, 0, 0, 0, 0, 0, 0, 0, 0, 0, 0, 3, 5, 0, 0, 0, 0, 0, 0, 0, 0, 0, 0, 0, 0, 0, 0, 0, 0, 0, 0, 0, 0, 8, 1, 0),
(435, 2, 1, 0, 17, 24, 32, 23, 29, 23, 3, 0, 0, 0, 0, 0, 0, 0, 0, 0, 0, 0, 32, 23, 0, 0, 0, 0, 0, 0, 0, 0, 0, 0, 0, 0, 0, 0, 0, 0, 0, 0, 0, 0, 55, 1, 0),
(436, 2, 1, 0, 2, 24, 36, 21, 33, 21, 3, 0, 0, 0, 0, 0, 0, 0, 0, 0, 0, 0, 36, 21, 0, 0, 0, 0, 0, 0, 0, 0, 0, 0, 0, 0, 0, 0, 0, 0, 0, 0, 0, 0, 57, 1, 0),
(437, 2, 1, 0, 2, 24, 26, 16, 24, 16, 2, 0, 0, 0, 0, 0, 0, 0, 0, 0, 0, 0, 26, 16, 0, 0, 0, 0, 0, 0, 0, 0, 0, 0, 0, 0, 0, 0, 0, 0, 0, 0, 0, 0, 42, 1, 0),
(438, 2, 1, 0, 2, 24, 23, 15, 22, 15, 1, 0, 0, 0, 0, 0, 0, 0, 0, 0, 0, 0, 23, 15, 0, 0, 0, 0, 0, 0, 0, 0, 0, 0, 0, 0, 0, 0, 0, 0, 0, 0, 1, 0, 38, 1, 0),
(439, 2, 1, 0, 2, 24, 20, 13, 17, 12, 1, 1, 0, 2, 0, 0, 0, 0, 0, 0, 0, 0, 20, 13, 0, 0, 0, 0, 0, 0, 0, 0, 0, 0, 0, 0, 0, 0, 0, 0, 0, 0, 1, 0, 33, 1, 0),
(440, 2, 1, 0, 2, 24, 18, 10, 15, 9, 2, 1, 1, 0, 0, 0, 0, 0, 0, 0, 0, 0, 18, 10, 0, 0, 0, 0, 0, 0, 0, 0, 0, 0, 0, 0, 0, 0, 0, 0, 0, 0, 1, 0, 28, 1, 0),
(441, 2, 1, 0, 2, 24, 13, 9, 11, 8, 2, 1, 0, 0, 0, 0, 0, 0, 0, 0, 0, 0, 13, 9, 0, 0, 0, 0, 0, 0, 0, 0, 0, 0, 0, 0, 0, 0, 0, 0, 0, 0, 1, 0, 22, 1, 0),
(442, 2, 1, 0, 2, 24, 13, 8, 10, 7, 2, 1, 1, 0, 0, 0, 0, 0, 0, 0, 0, 0, 13, 8, 0, 0, 0, 0, 0, 0, 0, 0, 0, 0, 0, 0, 0, 0, 0, 0, 0, 0, 0, 0, 21, 1, 0),
(443, 2, 1, 0, 2, 24, 7, 1, 5, 0, 1, 1, 1, 0, 0, 0, 0, 0, 0, 0, 0, 0, 7, 1, 0, 0, 0, 0, 0, 0, 0, 0, 0, 0, 0, 0, 0, 0, 0, 0, 0, 0, 0, 0, 8, 1, 0),
(444, 2, 1, 0, 2, 24, 1, 1, 1, 1, 0, 0, 0, 0, 0, 0, 0, 0, 0, 0, 0, 0, 1, 1, 0, 0, 0, 0, 0, 0, 0, 0, 0, 0, 0, 0, 0, 0, 0, 0, 0, 0, 0, 0, 2, 1, 0),
(445, 2, 1, 0, 2, 24, 5, 3, 4, 3, 1, 0, 0, 0, 0, 0, 0, 0, 0, 0, 0, 0, 5, 3, 0, 0, 0, 0, 0, 0, 0, 0, 0, 0, 0, 0, 0, 0, 0, 0, 0, 0, 0, 0, 8, 1, 0),
(446, 2, 1, 0, 2, 24, 5, 1, 5, 1, 0, 0, 0, 0, 0, 0, 0, 0, 0, 0, 0, 0, 5, 1, 0, 0, 0, 0, 0, 0, 0, 0, 0, 0, 0, 0, 0, 0, 0, 0, 0, 0, 0, 0, 6, 1, 0),
(447, 2, 1, 0, 2, 24, 3, 1, 2, 1, 1, 0, 0, 0, 0, 0, 0, 0, 0, 0, 0, 0, 3, 1, 0, 0, 0, 0, 0, 0, 0, 0, 0, 0, 0, 0, 0, 0, 0, 0, 0, 0, 0, 0, 4, 1, 0),
(448, 1, 3, 0, 2, 28, 3, 2, 5, 0, 0, 0, 0, 0, 0, 0, 0, 0, 0, 0, 0, 0, 5, 0, 0, 0, 0, 0, 0, 0, 0, 0, 0, 0, 0, 0, 0, 0, 0, 0, 0, 0, 0, 0, 5, 1, 0),
(449, 1, 3, 0, 2, 28, 4, 3, 7, 0, 0, 0, 0, 0, 0, 0, 0, 0, 0, 0, 0, 0, 7, 0, 0, 0, 0, 0, 0, 0, 0, 0, 0, 0, 0, 0, 0, 0, 0, 0, 0, 0, 0, 0, 7, 1, 0),
(450, 1, 3, 0, 2, 28, 4, 1, 5, 0, 0, 0, 0, 0, 0, 0, 0, 0, 0, 0, 0, 0, 5, 0, 0, 0, 0, 0, 0, 0, 0, 0, 0, 0, 0, 0, 0, 0, 0, 0, 0, 0, 0, 0, 5, 1, 0),
(451, 1, 3, 0, 2, 28, 3, 0, 3, 0, 0, 0, 0, 0, 0, 0, 0, 0, 0, 0, 0, 0, 3, 0, 0, 0, 0, 0, 0, 0, 0, 0, 0, 0, 0, 0, 0, 0, 0, 0, 0, 0, 0, 0, 3, 1, 0),
(452, 1, 3, 0, 2, 29, 3, 3, 5, 0, 0, 0, 1, 0, 0, 0, 0, 0, 0, 0, 0, 0, 6, 0, 0, 0, 0, 0, 0, 0, 0, 0, 0, 0, 0, 0, 0, 0, 0, 0, 0, 0, 0, 0, 6, 1, 0),
(453, 1, 3, 0, 97, 29, 1, 0, 1, 0, 0, 0, 0, 0, 0, 0, 0, 0, 0, 0, 0, 0, 1, 0, 0, 0, 0, 0, 0, 0, 0, 0, 0, 0, 0, 0, 0, 0, 0, 0, 0, 0, 0, 0, 1, 1, 0),
(454, 1, 3, 0, 97, 36, 2, 4, 6, 0, 0, 0, 0, 0, 0, 0, 0, 0, 0, 0, 0, 0, 6, 0, 0, 0, 0, 0, 0, 0, 0, 0, 0, 0, 0, 0, 0, 0, 0, 0, 0, 0, 0, 0, 6, 1, 0),
(455, 1, 3, 0, 97, 36, 2, 4, 6, 0, 0, 0, 0, 0, 0, 0, 0, 0, 0, 0, 0, 0, 6, 0, 0, 0, 0, 0, 0, 0, 0, 0, 0, 0, 0, 0, 0, 0, 0, 0, 0, 0, 0, 0, 6, 1, 0),
(456, 1, 3, 0, 97, 36, 2, 1, 3, 0, 0, 0, 0, 0, 0, 0, 0, 0, 0, 0, 0, 0, 3, 0, 0, 0, 0, 0, 0, 0, 0, 0, 0, 0, 0, 0, 0, 0, 0, 0, 0, 0, 0, 0, 3, 1, 0),
(457, 1, 3, 0, 97, 36, 3, 3, 6, 0, 0, 0, 0, 0, 0, 0, 0, 0, 0, 0, 0, 0, 6, 0, 0, 0, 0, 0, 0, 0, 0, 0, 0, 0, 0, 0, 0, 0, 0, 0, 0, 0, 0, 0, 6, 1, 0),
(458, 1, 1, 0, 97, 36, 35, 38, 72, 0, 0, 0, 0, 0, 0, 0, 0, 0, 0, 0, 1, 0, 72, 0, 1, 0, 0, 0, 0, 0, 0, 0, 0, 0, 0, 0, 0, 0, 0, 0, 0, 0, 0, 0, 73, 1, 0),
(459, 1, 1, 0, 97, 36, 10, 11, 21, 0, 0, 0, 0, 0, 0, 0, 0, 0, 0, 0, 0, 0, 21, 0, 0, 0, 0, 0, 0, 0, 0, 0, 0, 0, 0, 0, 0, 0, 0, 0, 0, 0, 0, 0, 21, 1, 0),
(460, 1, 1, 0, 97, 36, 29, 29, 58, 0, 0, 0, 0, 0, 0, 0, 0, 0, 0, 0, 0, 0, 57, 0, 1, 0, 0, 0, 0, 0, 0, 0, 0, 0, 0, 0, 0, 0, 0, 0, 0, 0, 0, 0, 58, 1, 0),
(461, 1, 1, 0, 97, 36, 1, 1, 2, 0, 0, 0, 0, 0, 0, 0, 0, 0, 0, 0, 0, 0, 2, 0, 0, 0, 0, 0, 0, 0, 0, 0, 0, 0, 0, 0, 0, 0, 0, 0, 0, 0, 0, 0, 2, 1, 0),
(462, 1, 1, 0, 97, 36, 29, 30, 58, 0, 0, 0, 0, 0, 0, 0, 0, 0, 0, 0, 1, 0, 58, 0, 1, 0, 0, 0, 0, 0, 0, 0, 0, 0, 0, 0, 0, 0, 0, 0, 0, 0, 0, 0, 59, 1, 0),
(463, 1, 3, 0, 97, 36, 1, 3, 4, 0, 0, 0, 0, 0, 0, 0, 0, 0, 0, 0, 0, 0, 4, 0, 0, 0, 0, 0, 0, 0, 0, 0, 0, 0, 0, 0, 0, 0, 0, 0, 0, 0, 0, 0, 4, 1, 0),
(464, 1, 3, 0, 97, 36, 1, 0, 1, 0, 0, 0, 0, 0, 0, 0, 0, 0, 0, 0, 0, 0, 1, 0, 0, 0, 0, 0, 0, 0, 0, 0, 0, 0, 0, 0, 0, 0, 0, 0, 0, 0, 0, 0, 1, 1, 0),
(465, 1, 1, 0, 97, 36, 5, 1, 6, 0, 0, 0, 0, 0, 0, 0, 0, 0, 0, 0, 0, 0, 6, 0, 0, 0, 0, 0, 0, 0, 0, 0, 0, 0, 0, 0, 0, 0, 0, 0, 0, 0, 0, 0, 6, 1, 0),
(466, 1, 3, 0, 97, 36, 2, 4, 6, 0, 0, 0, 0, 0, 0, 0, 0, 0, 0, 0, 0, 0, 6, 0, 0, 0, 0, 0, 0, 0, 0, 0, 0, 0, 0, 0, 0, 0, 0, 0, 0, 0, 0, 0, 6, 1, 0),
(467, 1, 3, 0, 97, 36, 1, 2, 3, 0, 0, 0, 0, 0, 0, 0, 0, 0, 0, 0, 0, 0, 3, 0, 0, 0, 0, 0, 0, 0, 0, 0, 0, 0, 0, 0, 0, 0, 0, 0, 0, 0, 0, 0, 3, 1, 0),
(468, 1, 3, 0, 97, 36, 8, 10, 18, 0, 0, 0, 0, 0, 0, 0, 0, 0, 0, 0, 0, 0, 18, 0, 0, 0, 0, 0, 0, 0, 0, 0, 0, 0, 0, 0, 0, 0, 0, 0, 0, 0, 0, 0, 18, 1, 0),
(469, 1, 3, 0, 97, 36, 2, 2, 3, 0, 0, 0, 1, 0, 0, 0, 0, 0, 0, 0, 0, 0, 4, 0, 0, 0, 0, 0, 0, 0, 0, 0, 0, 0, 0, 0, 0, 0, 0, 0, 0, 0, 0, 0, 4, 1, 0),
(470, 1, 3, 0, 15, 36, 9, 6, 15, 0, 0, 0, 0, 0, 0, 0, 0, 0, 0, 0, 0, 0, 15, 0, 0, 0, 0, 0, 0, 0, 0, 0, 0, 0, 0, 0, 0, 0, 0, 0, 0, 0, 0, 0, 15, 1, 0),
(471, 1, 3, 0, 15, 36, 8, 8, 15, 0, 0, 0, 0, 0, 0, 0, 0, 0, 0, 0, 1, 0, 14, 0, 1, 0, 0, 0, 0, 0, 0, 0, 0, 0, 0, 0, 0, 0, 1, 0, 0, 0, 0, 0, 16, 1, 0),
(472, 1, 3, 0, 15, 36, 3, 1, 3, 0, 1, 0, 0, 0, 0, 0, 0, 0, 0, 0, 0, 0, 4, 0, 0, 0, 0, 0, 0, 0, 0, 0, 0, 0, 0, 0, 0, 0, 0, 0, 0, 0, 0, 0, 4, 1, 0),
(473, 1, 3, 0, 15, 37, 1, 1, 18, 1, 0, 0, 0, 0, 0, 0, 0, 0, 0, 0, 0, 0, 1, 1, 0, 0, 0, 0, 0, 0, 0, 0, 0, 0, 0, 0, 0, 0, 0, 0, 0, 0, 0, 0, 2, 1, 0),
(474, 2, 1, 0, 15, 37, 2, 2, 2, 2, 0, 0, 0, 0, 0, 0, 0, 0, 0, 0, 0, 0, 2, 2, 0, 0, 0, 0, 0, 0, 0, 0, 0, 0, 0, 0, 0, 0, 0, 0, 0, 0, 0, 0, 4, 1, 0),
(475, 2, 1, 0, 15, 37, 1, 0, 1, 0, 0, 0, 0, 0, 0, 0, 0, 0, 0, 0, 0, 0, 1, 0, 0, 0, 0, 0, 0, 0, 0, 0, 0, 0, 0, 0, 0, 0, 0, 0, 0, 0, 0, 0, 1, 1, 0),
(476, 1, 3, 0, 15, 37, 2, 7, 9, 0, 0, 0, 0, 0, 0, 0, 0, 0, 0, 0, 0, 0, 9, 0, 0, 0, 0, 0, 0, 0, 0, 0, 0, 0, 0, 0, 0, 0, 0, 0, 0, 0, 0, 0, 9, 1, 0),
(477, 1, 3, 0, 15, 37, 2, 7, 9, 0, 0, 0, 0, 0, 0, 0, 0, 0, 0, 0, 0, 0, 9, 0, 0, 0, 0, 0, 0, 0, 0, 0, 0, 0, 0, 0, 0, 0, 0, 0, 0, 0, 0, 0, 9, 1, 0),
(478, 1, 3, 0, 15, 37, 8, 5, 13, 0, 0, 0, 0, 0, 0, 0, 0, 0, 0, 0, 0, 0, 13, 0, 0, 0, 0, 0, 0, 0, 0, 0, 0, 0, 0, 0, 0, 0, 0, 0, 0, 0, 0, 0, 13, 1, 0),
(479, 1, 3, 0, 15, 37, 6, 13, 19, 0, 0, 0, 0, 0, 0, 0, 0, 0, 0, 0, 0, 0, 19, 0, 0, 0, 0, 0, 0, 0, 0, 0, 0, 0, 0, 0, 0, 0, 0, 0, 0, 0, 0, 0, 19, 1, 0),
(480, 1, 3, 0, 15, 37, 1, 2, 2, 0, 1, 0, 0, 0, 0, 0, 0, 0, 0, 0, 0, 0, 3, 0, 0, 0, 0, 0, 0, 0, 0, 0, 0, 0, 0, 0, 0, 0, 0, 0, 0, 0, 0, 0, 3, 1, 0),
(481, 1, 3, 0, 15, 37, 1, 0, 1, 0, 0, 0, 0, 0, 0, 0, 0, 0, 0, 0, 0, 0, 1, 0, 0, 0, 0, 0, 0, 0, 0, 0, 0, 0, 0, 0, 0, 0, 0, 0, 0, 0, 0, 0, 1, 1, 0),
(482, 1, 3, 0, 15, 37, 4, 6, 9, 0, 1, 0, 0, 0, 0, 0, 0, 0, 0, 0, 0, 0, 10, 0, 0, 0, 0, 0, 0, 0, 0, 0, 0, 0, 0, 0, 0, 0, 0, 0, 0, 0, 0, 0, 10, 1, 0),
(483, 1, 3, 0, 15, 37, 4, 10, 14, 0, 0, 0, 0, 0, 0, 0, 0, 0, 0, 0, 0, 0, 14, 0, 0, 0, 0, 0, 0, 0, 0, 0, 0, 0, 0, 0, 0, 0, 0, 0, 0, 0, 0, 0, 14, 1, 0),
(484, 1, 1, 0, 15, 37, 21, 49, 69, 0, 1, 0, 0, 0, 0, 0, 0, 0, 0, 0, 0, 0, 68, 0, 1, 0, 0, 0, 0, 0, 0, 0, 0, 0, 0, 0, 1, 0, 0, 0, 0, 0, 0, 0, 70, 1, 0),
(485, 1, 1, 0, 15, 37, 27, 39, 66, 0, 0, 0, 0, 0, 0, 0, 0, 0, 0, 0, 0, 0, 64, 0, 0, 0, 0, 0, 0, 0, 0, 0, 1, 0, 0, 0, 1, 0, 0, 0, 0, 0, 0, 0, 66, 1, 0),
(486, 1, 1, 0, 15, 37, 22, 29, 49, 0, 2, 0, 0, 0, 0, 0, 0, 0, 0, 0, 0, 0, 51, 0, 0, 0, 0, 0, 0, 0, 0, 0, 0, 0, 0, 0, 0, 0, 0, 0, 0, 0, 0, 0, 51, 1, 0),
(487, 1, 1, 0, 4, 37, 6, 13, 19, 0, 0, 0, 0, 0, 0, 0, 0, 0, 0, 0, 0, 0, 19, 0, 0, 0, 0, 0, 0, 0, 0, 0, 0, 0, 0, 0, 0, 0, 0, 0, 0, 0, 0, 0, 19, 1, 0),
(488, 1, 1, 0, 4, 37, 15, 29, 44, 0, 0, 0, 0, 0, 0, 0, 0, 0, 0, 0, 0, 0, 43, 0, 0, 0, 0, 0, 0, 0, 0, 0, 1, 0, 0, 0, 0, 0, 0, 0, 0, 0, 0, 0, 44, 1, 0),
(489, 1, 1, 0, 4, 37, 19, 27, 46, 0, 0, 0, 0, 0, 0, 0, 0, 0, 0, 0, 0, 0, 46, 0, 0, 0, 0, 0, 0, 0, 0, 0, 0, 0, 0, 0, 0, 0, 0, 0, 0, 0, 0, 0, 46, 1, 0),
(490, 1, 1, 0, 4, 37, 3, 3, 6, 0, 0, 0, 0, 0, 0, 0, 0, 0, 0, 0, 0, 0, 6, 0, 0, 0, 0, 0, 0, 0, 0, 0, 0, 0, 0, 0, 0, 0, 0, 0, 0, 0, 0, 0, 6, 1, 0),
(491, 1, 1, 0, 4, 37, 15, 59, 73, 0, 1, 0, 0, 0, 0, 0, 0, 0, 0, 0, 0, 0, 72, 0, 0, 0, 0, 0, 0, 0, 0, 0, 0, 0, 0, 0, 1, 0, 0, 0, 0, 0, 0, 0, 74, 1, 0),
(492, 1, 3, 0, 4, 37, 2, 8, 10, 0, 0, 0, 0, 0, 0, 0, 0, 0, 0, 0, 0, 0, 10, 0, 0, 0, 0, 0, 0, 0, 0, 0, 0, 0, 0, 0, 0, 0, 0, 0, 0, 0, 0, 0, 10, 1, 0),
(493, 1, 3, 0, 4, 37, 1, 4, 5, 0, 0, 0, 0, 0, 0, 0, 0, 0, 0, 0, 0, 0, 5, 0, 0, 0, 0, 0, 0, 0, 0, 0, 0, 0, 0, 0, 0, 0, 0, 0, 0, 0, 0, 0, 5, 1, 0),
(494, 1, 3, 0, 4, 37, 1, 10, 11, 0, 0, 0, 0, 0, 0, 0, 0, 0, 0, 0, 0, 0, 11, 0, 0, 0, 0, 0, 0, 0, 0, 0, 0, 0, 0, 0, 0, 0, 0, 0, 0, 0, 0, 0, 11, 1, 0),
(495, 1, 3, 0, 4, 37, 3, 3, 5, 0, 1, 0, 0, 0, 0, 0, 0, 0, 0, 0, 0, 0, 6, 0, 0, 0, 0, 0, 0, 0, 0, 0, 0, 0, 0, 0, 0, 0, 0, 0, 0, 0, 0, 0, 6, 1, 0),
(496, 1, 3, 0, 4, 37, 4, 4, 7, 0, 0, 0, 1, 0, 0, 0, 0, 0, 0, 0, 0, 0, 7, 0, 0, 0, 0, 0, 0, 0, 0, 0, 0, 0, 0, 0, 1, 0, 0, 0, 0, 0, 0, 0, 8, 1, 0),
(497, 1, 3, 0, 4, 37, 5, 6, 11, 0, 0, 0, 0, 0, 0, 0, 0, 0, 0, 0, 0, 0, 10, 0, 1, 0, 0, 0, 0, 0, 0, 0, 0, 0, 0, 0, 0, 0, 0, 0, 0, 0, 0, 0, 11, 1, 0),
(498, 1, 3, 0, 4, 37, 1, 3, 4, 0, 0, 0, 0, 0, 0, 0, 0, 0, 0, 0, 0, 0, 4, 0, 0, 0, 0, 0, 0, 0, 0, 0, 0, 0, 0, 0, 0, 0, 0, 0, 0, 0, 0, 0, 4, 1, 0),
(499, 2, 3, 0, 4, 38, 0, 3, 0, 3, 0, 0, 0, 0, 0, 0, 0, 0, 0, 0, 0, 0, 0, 3, 0, 0, 0, 0, 0, 0, 0, 0, 0, 0, 0, 0, 0, 0, 0, 0, 0, 0, 0, 0, 3, 1, 0),
(500, 2, 3, 0, 4, 38, 0, 1, 0, 1, 0, 0, 0, 0, 0, 0, 0, 0, 0, 0, 0, 0, 0, 1, 0, 0, 0, 0, 0, 0, 0, 0, 0, 0, 0, 0, 0, 0, 0, 0, 0, 0, 0, 0, 1, 1, 0),
(501, 2, 3, 0, 4, 38, 0, 1, 0, 1, 0, 0, 0, 0, 0, 0, 0, 0, 0, 0, 0, 0, 0, 1, 0, 0, 0, 0, 0, 0, 0, 0, 0, 0, 0, 0, 0, 0, 0, 0, 0, 0, 0, 0, 1, 1, 0),
(502, 2, 3, 0, 4, 38, 0, 1, 0, 0, 1, 0, 0, 0, 0, 0, 0, 0, 0, 0, 0, 0, 0, 1, 0, 0, 0, 0, 0, 0, 0, 0, 0, 0, 0, 0, 0, 0, 0, 0, 0, 0, 0, 0, 1, 1, 0),
(503, 2, 3, 0, 4, 38, 1, 2, 1, 2, 0, 0, 0, 0, 0, 0, 0, 0, 0, 0, 0, 0, 1, 2, 0, 0, 0, 0, 0, 0, 0, 0, 0, 0, 0, 0, 0, 0, 0, 0, 0, 0, 0, 0, 3, 1, 0),
(504, 2, 3, 0, 22, 38, 1, 2, 1, 2, 0, 0, 0, 0, 0, 0, 0, 0, 0, 0, 0, 0, 1, 2, 0, 0, 0, 0, 0, 0, 0, 0, 0, 0, 0, 0, 0, 0, 0, 0, 0, 0, 0, 0, 3, 1, 0),
(505, 2, 3, 0, 22, 38, 0, 5, 0, 4, 0, 1, 0, 0, 0, 0, 0, 0, 0, 0, 0, 0, 0, 5, 0, 0, 0, 0, 0, 0, 0, 0, 0, 0, 0, 0, 0, 0, 0, 0, 0, 0, 0, 0, 5, 1, 0),
(506, 2, 3, 0, 22, 38, 1, 4, 1, 4, 0, 0, 0, 0, 0, 0, 0, 0, 0, 0, 0, 0, 1, 4, 0, 0, 0, 0, 0, 0, 0, 0, 0, 0, 0, 0, 0, 0, 0, 0, 0, 0, 0, 0, 5, 1, 0),
(507, 2, 3, 0, 22, 38, 3, 2, 1, 2, 0, 1, 0, 0, 0, 0, 0, 0, 0, 0, 0, 0, 3, 2, 0, 0, 0, 0, 0, 0, 0, 0, 0, 0, 0, 0, 0, 0, 0, 0, 0, 0, 0, 0, 5, 1, 0),
(508, 2, 3, 0, 22, 38, 1, 2, 1, 2, 0, 0, 0, 0, 0, 0, 0, 0, 0, 0, 0, 0, 1, 2, 0, 0, 0, 0, 0, 0, 0, 0, 0, 0, 0, 0, 0, 0, 0, 0, 0, 0, 0, 0, 3, 1, 0),
(509, 2, 3, 1, 22, 38, 0, 1, 0, 1, 0, 0, 0, 0, 0, 0, 0, 0, 0, 0, 0, 0, 0, 1, 0, 0, 0, 0, 0, 0, 0, 0, 0, 0, 0, 0, 0, 0, 0, 0, 0, 0, 0, 0, 1, 1, 0),
(510, 2, 3, 0, 22, 38, 1, 0, 0, 0, 1, 0, 0, 0, 0, 0, 0, 0, 0, 0, 0, 0, 1, 0, 0, 0, 0, 0, 0, 0, 0, 0, 0, 0, 0, 0, 0, 0, 0, 0, 0, 0, 0, 0, 1, 1, 0),
(511, 2, 3, 1, 22, 38, 0, 1, 0, 1, 0, 0, 0, 0, 0, 0, 0, 0, 0, 0, 0, 0, 0, 1, 0, 0, 0, 0, 0, 0, 0, 0, 0, 0, 0, 0, 0, 0, 0, 0, 0, 0, 0, 0, 1, 1, 0),
(512, 2, 3, 1, 22, 38, 0, 3, 0, 2, 0, 0, 0, 1, 0, 0, 0, 0, 0, 0, 0, 0, 0, 3, 0, 0, 0, 0, 0, 0, 0, 0, 0, 0, 0, 0, 0, 0, 0, 0, 0, 0, 0, 0, 3, 1, 0),
(513, 2, 1, 0, 22, 38, 3, 17, 3, 16, 0, 1, 0, 0, 0, 0, 0, 0, 0, 0, 0, 0, 3, 17, 0, 0, 0, 0, 0, 0, 0, 0, 0, 0, 0, 0, 0, 0, 0, 0, 0, 0, 0, 0, 20, 1, 0),
(514, 2, 1, 0, 22, 38, 3, 41, 3, 37, 0, 2, 0, 2, 0, 0, 0, 0, 0, 0, 0, 0, 3, 41, 0, 0, 0, 0, 0, 0, 0, 0, 0, 0, 0, 0, 0, 0, 0, 0, 0, 0, 0, 0, 44, 1, 0),
(515, 2, 1, 0, 22, 38, 3, 37, 3, 34, 0, 1, 0, 2, 0, 0, 0, 0, 0, 0, 0, 0, 3, 37, 0, 0, 0, 0, 0, 0, 0, 0, 0, 0, 0, 0, 0, 0, 0, 0, 0, 0, 0, 0, 40, 1, 0),
(516, 2, 1, 0, 22, 38, 2, 25, 2, 23, 0, 1, 0, 1, 0, 0, 0, 0, 0, 0, 0, 0, 2, 25, 0, 0, 0, 0, 0, 0, 0, 0, 0, 0, 0, 0, 0, 0, 0, 0, 0, 0, 0, 0, 27, 1, 0),
(517, 2, 1, 0, 22, 38, 1, 26, 1, 24, 0, 1, 0, 1, 0, 0, 0, 0, 0, 0, 0, 0, 1, 26, 0, 0, 0, 0, 0, 0, 0, 0, 0, 0, 0, 0, 0, 0, 0, 0, 0, 0, 0, 0, 27, 1, 0),
(518, 2, 1, 0, 22, 38, 27, 5, 5, 24, 0, 0, 0, 3, 0, 0, 0, 0, 0, 0, 0, 0, 27, 5, 0, 0, 0, 0, 0, 0, 0, 0, 0, 0, 0, 0, 0, 0, 0, 0, 0, 0, 0, 0, 32, 1, 0),
(519, 2, 1, 0, 22, 38, 8, 28, 7, 26, 0, 1, 0, 1, 1, 0, 0, 0, 0, 0, 0, 0, 8, 28, 0, 0, 0, 0, 0, 0, 0, 0, 0, 0, 0, 0, 0, 0, 0, 0, 0, 0, 0, 0, 36, 1, 0),
(520, 2, 1, 0, 22, 38, 7, 18, 6, 15, 1, 1, 0, 2, 0, 0, 0, 0, 0, 0, 0, 0, 7, 18, 0, 0, 0, 0, 0, 0, 0, 0, 0, 0, 0, 0, 0, 0, 0, 0, 0, 0, 0, 0, 25, 1, 0),
(521, 2, 1, 0, 5, 38, 5, 20, 4, 17, 0, 1, 0, 2, 1, 0, 0, 0, 0, 0, 0, 0, 5, 20, 0, 0, 0, 0, 0, 0, 0, 0, 0, 0, 0, 0, 0, 0, 0, 0, 0, 0, 0, 0, 25, 1, 0),
(522, 2, 1, 0, 5, 38, 7, 16, 6, 15, 0, 1, 0, 0, 1, 0, 0, 0, 0, 0, 0, 0, 7, 16, 0, 0, 0, 0, 0, 0, 0, 0, 0, 0, 0, 0, 0, 0, 0, 0, 0, 0, 0, 0, 23, 1, 0),
(523, 2, 1, 0, 5, 38, 6, 13, 6, 11, 0, 1, 0, 1, 0, 0, 0, 0, 0, 0, 0, 0, 6, 13, 0, 0, 0, 0, 0, 0, 0, 0, 0, 0, 0, 0, 0, 0, 0, 0, 0, 0, 0, 0, 19, 1, 0),
(524, 2, 1, 0, 5, 38, 6, 7, 6, 5, 0, 1, 0, 1, 0, 0, 0, 0, 0, 0, 0, 0, 6, 7, 0, 0, 0, 0, 0, 0, 0, 0, 0, 0, 0, 0, 0, 0, 0, 0, 0, 0, 0, 0, 13, 1, 0),
(525, 2, 1, 0, 5, 38, 3, 8, 2, 6, 1, 1, 0, 1, 0, 0, 0, 0, 0, 0, 0, 0, 3, 8, 0, 0, 0, 0, 0, 0, 0, 0, 0, 0, 0, 0, 0, 0, 0, 0, 0, 0, 0, 0, 11, 1, 0),
(526, 2, 1, 0, 5, 38, 3, 6, 1, 4, 0, 1, 0, 1, 0, 0, 0, 0, 0, 0, 0, 0, 1, 6, 2, 0, 0, 0, 0, 0, 0, 0, 0, 0, 0, 0, 0, 0, 0, 0, 0, 0, 1, 6, 9, 1, 0),
(527, 2, 1, 0, 5, 38, 0, 2, 0, 2, 0, 0, 0, 0, 0, 0, 0, 0, 0, 0, 0, 0, 0, 2, 0, 0, 0, 0, 0, 0, 0, 0, 0, 0, 0, 0, 0, 0, 0, 0, 0, 0, 0, 0, 2, 1, 0),
(528, 2, 3, 0, 5, 40, 0, 1, 0, 0, 0, 1, 0, 0, 0, 0, 0, 0, 0, 0, 0, 0, 0, 1, 0, 0, 0, 0, 0, 0, 0, 0, 0, 0, 0, 0, 0, 0, 0, 0, 0, 0, 0, 0, 1, 1, 0),
(529, 2, 3, 1, 5, 40, 0, 3, 0, 3, 0, 0, 0, 0, 0, 0, 0, 0, 0, 0, 0, 0, 0, 3, 0, 0, 0, 0, 0, 0, 0, 0, 0, 0, 0, 0, 0, 0, 0, 0, 0, 0, 0, 0, 3, 1, 0),
(530, 2, 3, 2, 5, 40, 6, 0, 4, 0, 2, 0, 0, 0, 0, 0, 0, 0, 0, 0, 0, 0, 6, 0, 0, 0, 0, 0, 0, 0, 0, 0, 0, 0, 0, 0, 0, 0, 0, 0, 0, 0, 0, 0, 6, 1, 0),
(531, 2, 3, 1, 5, 40, 2, 6, 1, 6, 1, 0, 0, 0, 0, 0, 0, 0, 0, 0, 0, 0, 2, 6, 0, 0, 0, 0, 0, 0, 0, 0, 0, 0, 0, 0, 0, 0, 0, 0, 0, 0, 0, 0, 8, 1, 0),
(532, 2, 3, 2, 5, 40, 2, 0, 2, 0, 0, 0, 0, 0, 0, 0, 0, 0, 0, 0, 0, 0, 2, 0, 0, 0, 0, 0, 0, 0, 0, 0, 0, 0, 0, 0, 0, 0, 0, 0, 0, 0, 0, 0, 2, 1, 0),
(533, 2, 1, 0, 5, 40, 2, 0, 2, 0, 0, 0, 0, 0, 0, 0, 0, 0, 0, 0, 0, 0, 2, 0, 0, 0, 0, 0, 0, 0, 0, 0, 0, 0, 0, 0, 0, 0, 0, 0, 0, 0, 0, 0, 2, 1, 0),
(534, 2, 3, 0, 5, 40, 8, 12, 8, 12, 0, 0, 0, 0, 0, 0, 0, 0, 0, 0, 0, 0, 8, 12, 0, 0, 0, 0, 0, 0, 0, 0, 0, 0, 0, 0, 0, 0, 0, 0, 0, 0, 0, 0, 20, 1, 0),
(535, 2, 3, 0, 5, 40, 1, 4, 1, 4, 0, 0, 0, 0, 0, 0, 0, 0, 0, 0, 0, 0, 1, 4, 0, 0, 0, 0, 0, 0, 0, 0, 0, 0, 0, 0, 0, 0, 0, 0, 0, 0, 0, 0, 5, 1, 0),
(536, 2, 3, 0, 5, 40, 1, 7, 1, 6, 0, 0, 0, 1, 0, 0, 0, 0, 0, 0, 0, 0, 1, 7, 0, 0, 0, 0, 0, 0, 0, 0, 0, 0, 0, 0, 0, 0, 0, 0, 0, 0, 0, 0, 8, 1, 0),
(537, 2, 3, 0, 5, 40, 4, 10, 3, 10, 1, 0, 0, 0, 0, 0, 0, 0, 0, 0, 0, 0, 4, 10, 0, 0, 0, 0, 0, 0, 0, 0, 0, 0, 0, 0, 0, 0, 0, 0, 0, 0, 0, 0, 14, 1, 0),
(538, 2, 3, 0, 5, 40, 4, 8, 3, 8, 1, 0, 0, 0, 0, 0, 0, 0, 0, 0, 0, 0, 4, 8, 0, 0, 0, 0, 0, 0, 0, 0, 0, 0, 0, 0, 0, 0, 0, 0, 0, 0, 0, 0, 12, 1, 0),
(539, 2, 3, 0, 20, 40, 5, 6, 5, 5, 0, 1, 0, 0, 0, 0, 0, 0, 0, 0, 0, 0, 5, 6, 0, 0, 0, 0, 0, 0, 0, 0, 0, 0, 0, 0, 0, 0, 0, 0, 0, 0, 0, 0, 11, 1, 0),
(540, 2, 3, 0, 20, 40, 3, 4, 2, 4, 0, 0, 1, 0, 0, 0, 0, 0, 0, 0, 0, 0, 3, 4, 0, 0, 0, 0, 0, 0, 0, 0, 0, 0, 0, 0, 0, 0, 0, 0, 0, 0, 0, 0, 7, 1, 0),
(541, 2, 3, 0, 20, 40, 2, 3, 2, 3, 0, 0, 0, 0, 0, 0, 0, 0, 0, 0, 0, 0, 2, 3, 0, 0, 0, 0, 0, 0, 0, 0, 0, 0, 0, 0, 0, 0, 0, 0, 0, 0, 0, 0, 5, 1, 0),
(542, 2, 3, 1, 20, 40, 3, 3, 3, 3, 0, 0, 0, 0, 0, 0, 0, 0, 0, 0, 0, 0, 3, 3, 0, 0, 0, 0, 0, 0, 0, 0, 0, 0, 0, 0, 0, 0, 0, 0, 0, 0, 0, 0, 6, 1, 0),
(543, 2, 3, 2, 20, 40, 1, 0, 1, 0, 0, 0, 0, 0, 0, 0, 0, 0, 0, 0, 0, 0, 1, 0, 0, 0, 0, 0, 0, 0, 0, 0, 0, 0, 0, 0, 0, 0, 0, 0, 0, 0, 0, 0, 1, 1, 0),
(544, 2, 3, 1, 20, 40, 1, 3, 1, 3, 0, 0, 0, 0, 0, 0, 0, 0, 0, 0, 0, 0, 1, 3, 0, 0, 0, 0, 0, 0, 0, 0, 0, 0, 0, 0, 0, 0, 0, 0, 0, 0, 0, 0, 4, 1, 0),
(545, 2, 3, 2, 20, 40, 0, 1, 0, 1, 0, 0, 0, 0, 0, 0, 0, 0, 0, 0, 0, 0, 0, 1, 0, 0, 0, 0, 0, 0, 0, 0, 0, 0, 0, 0, 0, 0, 0, 0, 0, 0, 0, 0, 1, 1, 0),
(546, 2, 3, 1, 20, 40, 0, 3, 0, 2, 0, 0, 0, 1, 0, 0, 0, 0, 0, 0, 0, 0, 0, 3, 0, 0, 0, 0, 0, 0, 0, 0, 0, 0, 0, 0, 0, 0, 0, 0, 0, 0, 0, 0, 3, 1, 0),
(547, 2, 1, 0, 20, 40, 47, 62, 43, 60, 3, 2, 1, 0, 0, 0, 0, 0, 0, 0, 0, 0, 47, 62, 0, 0, 0, 0, 0, 0, 0, 0, 0, 0, 0, 0, 0, 0, 0, 0, 0, 0, 0, 0, 109, 1, 0),
(548, 2, 1, 0, 20, 40, 43, 58, 39, 52, 4, 4, 1, 1, 0, 0, 0, 0, 0, 0, 0, 0, 43, 58, 0, 0, 0, 0, 0, 0, 0, 0, 0, 0, 0, 0, 0, 0, 0, 0, 0, 0, 0, 0, 101, 1, 0),
(549, 2, 1, 0, 20, 40, 28, 46, 25, 40, 2, 5, 1, 1, 0, 0, 0, 0, 0, 0, 0, 0, 28, 46, 0, 0, 0, 0, 0, 0, 0, 0, 0, 0, 0, 0, 0, 0, 0, 0, 0, 0, 0, 0, 74, 1, 0),
(550, 2, 1, 0, 20, 40, 28, 50, 25, 46, 2, 3, 1, 1, 0, 0, 0, 0, 0, 0, 0, 0, 28, 50, 0, 0, 0, 0, 0, 0, 0, 0, 0, 0, 0, 0, 0, 0, 0, 0, 0, 0, 0, 0, 78, 1, 0),
(551, 2, 1, 0, 20, 40, 24, 30, 21, 26, 2, 3, 1, 1, 0, 0, 0, 0, 0, 0, 0, 0, 24, 30, 0, 0, 0, 0, 0, 0, 0, 0, 0, 0, 0, 0, 0, 0, 0, 0, 0, 0, 0, 0, 54, 1, 0),
(552, 2, 1, 0, 20, 40, 24, 30, 24, 26, 0, 3, 0, 1, 0, 0, 0, 0, 0, 0, 0, 0, 24, 30, 0, 0, 0, 0, 0, 0, 0, 0, 0, 0, 0, 0, 0, 0, 0, 0, 0, 0, 0, 0, 54, 1, 0),
(553, 2, 1, 0, 20, 40, 13, 26, 13, 23, 0, 2, 0, 1, 0, 0, 0, 0, 0, 0, 0, 0, 13, 26, 0, 0, 0, 0, 0, 0, 0, 0, 0, 0, 0, 0, 0, 0, 0, 0, 0, 0, 0, 0, 39, 1, 0),
(554, 2, 1, 0, 20, 40, 13, 28, 13, 25, 0, 2, 0, 1, 0, 0, 0, 0, 0, 0, 0, 0, 13, 28, 0, 0, 0, 0, 0, 0, 0, 0, 0, 0, 0, 0, 0, 0, 0, 0, 0, 0, 0, 0, 41, 1, 0),
(555, 2, 1, 0, 20, 40, 11, 18, 10, 15, 1, 2, 0, 1, 0, 0, 0, 0, 0, 0, 0, 0, 11, 18, 0, 0, 0, 0, 0, 0, 0, 0, 0, 0, 0, 0, 0, 0, 0, 0, 0, 0, 0, 0, 29, 1, 0),
(556, 2, 1, 0, 20, 40, 10, 12, 9, 10, 1, 1, 0, 1, 0, 0, 0, 0, 0, 0, 0, 0, 10, 12, 0, 0, 0, 0, 0, 0, 0, 0, 0, 0, 0, 0, 0, 0, 0, 0, 0, 0, 0, 0, 22, 1, 0),
(557, 2, 1, 0, 20, 40, 5, 0, 4, 0, 0, 1, 0, 0, 0, 0, 0, 0, 0, 0, 0, 0, 5, 0, 0, 0, 0, 0, 0, 0, 0, 0, 0, 0, 0, 0, 0, 0, 0, 0, 0, 0, 0, 0, 5, 1, 0),
(558, 2, 1, 0, 20, 40, 1, 0, 1, 0, 0, 0, 0, 0, 0, 0, 0, 0, 0, 0, 0, 0, 1, 0, 0, 0, 0, 0, 0, 0, 0, 0, 0, 0, 0, 0, 0, 0, 0, 0, 0, 0, 0, 0, 1, 1, 0),
(559, 2, 3, 0, 20, 41, 0, 1, 0, 1, 0, 0, 0, 0, 0, 0, 0, 0, 0, 0, 0, 0, 0, 1, 0, 0, 0, 0, 0, 0, 0, 0, 0, 0, 0, 0, 0, 0, 0, 0, 0, 0, 0, 0, 1, 1, 0),
(560, 2, 3, 0, 20, 41, 2, 2, 2, 2, 0, 0, 0, 0, 0, 0, 0, 0, 0, 0, 0, 0, 2, 2, 0, 0, 0, 0, 0, 0, 0, 0, 0, 0, 0, 0, 0, 0, 0, 0, 0, 0, 0, 0, 4, 1, 0),
(561, 2, 3, 1, 20, 41, 0, 1, 0, 1, 0, 0, 0, 0, 0, 0, 0, 0, 0, 0, 0, 0, 0, 1, 0, 0, 0, 0, 0, 0, 0, 0, 0, 0, 0, 0, 0, 0, 0, 0, 0, 0, 0, 0, 1, 1, 0),
(562, 2, 3, 1, 20, 41, 0, 1, 0, 1, 0, 0, 0, 0, 0, 0, 0, 0, 0, 0, 0, 0, 0, 1, 0, 0, 0, 0, 0, 0, 0, 0, 0, 0, 0, 0, 0, 0, 0, 0, 0, 0, 0, 0, 1, 1, 0),
(563, 2, 1, 0, 20, 46, 3, 0, 3, 0, 0, 0, 0, 0, 0, 0, 0, 0, 0, 0, 0, 0, 3, 0, 0, 0, 0, 0, 0, 0, 0, 0, 0, 0, 0, 0, 0, 0, 0, 0, 0, 0, 0, 0, 3, 1, 0),
(564, 2, 3, 0, 6, 46, 1, 2, 1, 2, 0, 0, 0, 0, 0, 0, 0, 0, 0, 0, 0, 0, 1, 2, 0, 0, 0, 0, 0, 0, 0, 0, 0, 0, 0, 0, 0, 0, 0, 0, 0, 0, 0, 0, 3, 1, 0),
(565, 2, 3, 0, 6, 46, 2, 5, 2, 5, 0, 0, 0, 0, 0, 0, 0, 0, 0, 0, 0, 0, 2, 5, 0, 0, 0, 0, 0, 0, 0, 0, 0, 0, 0, 0, 0, 0, 0, 0, 0, 0, 0, 0, 7, 1, 0),
(566, 2, 3, 0, 6, 46, 4, 3, 4, 3, 0, 0, 0, 0, 0, 0, 0, 0, 0, 0, 0, 0, 4, 3, 0, 0, 0, 0, 0, 0, 0, 0, 0, 0, 0, 0, 0, 0, 0, 0, 0, 0, 0, 0, 7, 1, 0),
(567, 2, 3, 0, 6, 46, 3, 3, 3, 3, 0, 0, 0, 0, 0, 0, 0, 0, 0, 0, 0, 0, 3, 3, 0, 0, 0, 0, 0, 0, 0, 0, 0, 0, 0, 0, 0, 0, 0, 0, 0, 0, 0, 0, 6, 1, 0),
(568, 2, 3, 0, 6, 46, 2, 7, 2, 7, 0, 0, 0, 0, 0, 0, 0, 0, 0, 0, 0, 0, 2, 7, 0, 0, 0, 0, 0, 0, 0, 0, 0, 0, 0, 0, 0, 0, 0, 0, 0, 0, 0, 0, 9, 1, 0),
(569, 2, 3, 0, 6, 46, 5, 11, 4, 11, 1, 0, 0, 0, 0, 0, 0, 0, 0, 0, 0, 0, 5, 11, 0, 0, 0, 0, 0, 0, 0, 0, 0, 0, 0, 0, 0, 0, 0, 0, 0, 0, 0, 0, 16, 1, 0),
(570, 2, 3, 0, 6, 46, 9, 6, 9, 6, 0, 0, 0, 0, 0, 0, 0, 0, 0, 0, 0, 0, 9, 6, 0, 0, 0, 0, 0, 0, 0, 0, 0, 0, 0, 0, 0, 0, 0, 0, 0, 0, 0, 0, 15, 1, 0),
(571, 2, 3, 0, 6, 46, 2, 8, 2, 8, 0, 0, 0, 0, 0, 0, 0, 0, 0, 0, 0, 0, 2, 8, 0, 0, 0, 0, 0, 0, 0, 0, 0, 0, 0, 0, 0, 0, 0, 0, 0, 0, 0, 0, 10, 1, 0),
(572, 2, 3, 1, 6, 46, 5, 9, 3, 8, 0, 1, 1, 1, 0, 0, 0, 0, 0, 0, 0, 0, 5, 9, 0, 0, 0, 0, 0, 0, 0, 0, 0, 0, 0, 0, 0, 0, 0, 0, 0, 0, 0, 0, 14, 1, 0),
(573, 2, 3, 2, 6, 46, 1, 0, 1, 0, 0, 0, 0, 0, 0, 0, 0, 0, 0, 0, 0, 0, 1, 0, 0, 0, 0, 0, 0, 0, 0, 0, 0, 0, 0, 0, 0, 0, 0, 0, 0, 0, 0, 0, 1, 1, 0),
(574, 2, 3, 1, 6, 46, 2, 6, 2, 6, 0, 0, 0, 0, 0, 0, 0, 0, 0, 0, 0, 0, 2, 6, 0, 0, 0, 0, 0, 0, 0, 0, 0, 0, 0, 0, 0, 0, 0, 0, 0, 0, 0, 0, 8, 1, 0),
(575, 2, 3, 1, 6, 46, 0, 2, 0, 2, 0, 0, 0, 0, 0, 0, 0, 0, 0, 0, 0, 0, 0, 2, 0, 0, 0, 0, 0, 0, 0, 0, 0, 0, 0, 0, 0, 0, 0, 0, 0, 0, 0, 0, 2, 1, 0),
(576, 2, 3, 2, 6, 46, 4, 3, 2, 2, 2, 1, 0, 0, 0, 0, 0, 0, 0, 0, 0, 0, 4, 3, 0, 0, 0, 0, 0, 0, 0, 0, 0, 0, 0, 0, 0, 0, 0, 0, 0, 0, 0, 0, 7, 1, 0),
(577, 2, 3, 0, 6, 46, 11, 22, 11, 21, 0, 1, 0, 0, 0, 0, 0, 0, 0, 0, 0, 0, 11, 22, 0, 0, 0, 0, 0, 0, 0, 0, 0, 0, 0, 0, 0, 0, 0, 0, 0, 0, 1, 0, 33, 1, 0),
(578, 2, 3, 0, 6, 46, 1, 16, 1, 3, 0, 0, 0, 0, 0, 0, 0, 0, 0, 0, 0, 0, 1, 3, 0, 0, 0, 0, 0, 0, 0, 0, 0, 0, 0, 0, 0, 13, 0, 0, 0, 0, 0, 1, 17, 1, 0),
(579, 2, 3, 0, 6, 46, 1, 3, 1, 3, 0, 0, 0, 0, 0, 0, 0, 0, 0, 0, 0, 0, 1, 3, 0, 0, 0, 0, 0, 0, 0, 0, 0, 0, 0, 0, 0, 0, 0, 0, 0, 0, 0, 0, 4, 1, 0),
(580, 2, 3, 1, 6, 46, 2, 3, 2, 3, 0, 0, 1, 0, 0, 0, 0, 0, 0, 0, 0, 0, 2, 3, 0, 0, 0, 0, 0, 0, 0, 0, 0, 0, 0, 0, 0, 0, 0, 0, 0, 0, 0, 0, 5, 1, 0),
(581, 2, 3, 2, 6, 46, 1, 4, 1, 4, 0, 0, 0, 0, 0, 0, 0, 0, 0, 0, 0, 0, 1, 4, 0, 0, 0, 0, 0, 0, 0, 0, 0, 0, 0, 0, 0, 0, 0, 0, 0, 0, 0, 0, 5, 1, 0),
(582, 2, 3, 1, 6, 46, 3, 14, 3, 14, 0, 0, 0, 0, 0, 0, 0, 0, 0, 0, 0, 0, 3, 14, 0, 0, 0, 0, 0, 0, 0, 0, 0, 0, 0, 0, 0, 0, 0, 0, 0, 0, 0, 0, 17, 1, 0),
(583, 2, 3, 2, 6, 46, 0, 1, 0, 1, 0, 0, 0, 0, 0, 0, 0, 0, 0, 0, 0, 0, 0, 1, 0, 0, 0, 0, 0, 0, 0, 0, 0, 0, 0, 0, 0, 0, 0, 0, 0, 0, 0, 0, 1, 1, 0),
(584, 2, 1, 0, 6, 46, 42, 69, 39, 66, 2, 2, 1, 1, 0, 0, 0, 0, 0, 0, 0, 0, 42, 69, 0, 0, 0, 0, 0, 0, 0, 0, 0, 0, 0, 0, 0, 0, 0, 0, 0, 0, 0, 0, 111, 1, 0),
(585, 2, 1, 0, 6, 46, 130, 185, 48, 72, 5, 1, 1, 2, 0, 0, 0, 0, 0, 0, 0, 0, 129, 185, 1, 0, 0, 0, 0, 0, 0, 0, 0, 0, 0, 0, 0, 0, 0, 0, 0, 0, 0, 0, 315, 1, 0),
(586, 2, 1, 0, 6, 46, 45, 62, 40, 60, 4, 0, 1, 2, 0, 0, 0, 0, 0, 0, 0, 0, 45, 62, 0, 0, 0, 0, 0, 0, 0, 0, 0, 0, 0, 0, 0, 0, 0, 0, 0, 0, 0, 0, 107, 1, 0),
(587, 2, 1, 0, 6, 46, 54, 75, 46, 72, 7, 2, 0, 2, 0, 0, 0, 0, 0, 0, 0, 0, 54, 75, 0, 0, 0, 0, 0, 0, 0, 0, 0, 0, 0, 0, 0, 0, 0, 0, 0, 0, 0, 0, 129, 1, 0),
(588, 2, 1, 0, 21, 46, 43, 66, 34, 56, 1, 5, 4, 9, 0, 0, 0, 0, 0, 0, 0, 0, 43, 66, 0, 0, 0, 0, 0, 0, 0, 0, 0, 0, 0, 0, 0, 0, 0, 0, 0, 0, 0, 0, 109, 1, 0),
(589, 2, 1, 0, 21, 46, 47, 83, 42, 84, 5, 0, 0, 0, 0, 0, 0, 0, 0, 0, 0, 0, 47, 83, 0, 0, 0, 0, 0, 0, 0, 0, 0, 0, 0, 0, 0, 0, 0, 0, 0, 0, 0, 0, 130, 1, 0),
(590, 2, 1, 0, 21, 46, 45, 73, 33, 67, 5, 1, 7, 5, 0, 0, 0, 0, 0, 0, 0, 0, 45, 72, 0, 0, 0, 0, 0, 0, 0, 0, 0, 0, 0, 0, 0, 1, 0, 0, 0, 0, 0, 0, 118, 1, 0),
(591, 2, 1, 0, 21, 46, 42, 76, 35, 68, 4, 4, 3, 4, 0, 0, 0, 0, 0, 0, 1, 1, 42, 76, 0, 0, 0, 0, 0, 0, 0, 0, 0, 0, 0, 0, 0, 0, 0, 0, 0, 0, 2, 2, 118, 1, 0),
(592, 2, 1, 0, 21, 46, 33, 72, 29, 66, 4, 3, 0, 3, 0, 0, 0, 0, 0, 0, 0, 0, 33, 71, 0, 0, 0, 0, 0, 0, 0, 0, 0, 0, 0, 0, 0, 1, 0, 0, 0, 0, 1, 0, 105, 1, 0),
(593, 2, 1, 0, 21, 46, 41, 88, 35, 82, 4, 4, 1, 2, 0, 0, 0, 0, 0, 0, 1, 0, 40, 87, 1, 1, 0, 0, 0, 0, 0, 0, 0, 0, 0, 0, 0, 0, 0, 0, 0, 0, 1, 2, 129, 1, 0),
(594, 2, 1, 0, 21, 46, 20, 39, 16, 35, 2, 1, 1, 4, 0, 0, 0, 0, 0, 0, 0, 0, 20, 38, 0, 0, 0, 0, 0, 0, 0, 0, 0, 0, 0, 0, 0, 1, 0, 0, 0, 0, 0, 2, 59, 1, 0),
(595, 2, 1, 0, 21, 46, 11, 25, 10, 25, 1, 0, 0, 0, 0, 0, 0, 0, 0, 0, 0, 0, 11, 25, 0, 0, 0, 0, 0, 0, 0, 0, 0, 0, 0, 0, 0, 0, 0, 0, 0, 0, 0, 0, 36, 1, 0),
(596, 2, 1, 0, 21, 46, 10, 23, 9, 23, 1, 0, 0, 0, 0, 0, 0, 0, 0, 0, 0, 0, 10, 23, 0, 0, 0, 0, 0, 0, 0, 0, 0, 0, 0, 0, 0, 0, 0, 0, 0, 0, 0, 2, 33, 1, 0),
(597, 2, 1, 0, 21, 46, 5, 9, 4, 9, 0, 0, 0, 0, 0, 0, 0, 0, 0, 0, 0, 0, 4, 9, 1, 0, 0, 0, 0, 0, 0, 0, 0, 0, 0, 0, 0, 0, 0, 0, 0, 0, 0, 0, 14, 1, 0),
(598, 2, 1, 0, 21, 46, 3, 0, 3, 0, 0, 0, 0, 0, 0, 0, 0, 0, 0, 0, 0, 0, 3, 0, 0, 0, 0, 0, 0, 0, 0, 0, 0, 0, 0, 0, 0, 0, 0, 0, 0, 0, 0, 0, 3, 1, 0),
(599, 2, 1, 0, 21, 46, 1, 0, 1, 0, 0, 0, 0, 0, 0, 0, 0, 0, 0, 0, 0, 0, 1, 0, 0, 0, 0, 0, 0, 0, 0, 0, 0, 0, 0, 0, 0, 0, 0, 0, 0, 0, 0, 0, 1, 1, 0),
(600, 2, 1, 0, 21, 46, 3, 0, 3, 0, 0, 0, 0, 0, 0, 0, 0, 0, 0, 0, 0, 0, 3, 0, 0, 0, 0, 0, 0, 0, 0, 0, 0, 0, 0, 0, 0, 0, 0, 0, 0, 0, 0, 0, 3, 1, 0),
(601, 2, 3, 0, 21, 47, 1, 0, 1, 0, 0, 0, 0, 0, 0, 0, 0, 0, 0, 0, 0, 0, 1, 0, 0, 0, 0, 0, 0, 0, 0, 0, 0, 0, 0, 0, 0, 0, 0, 0, 0, 0, 1, 0, 1, 1, 0),
(602, 2, 3, 0, 21, 47, 0, 1, 0, 1, 0, 0, 0, 0, 0, 0, 0, 0, 0, 0, 0, 0, 0, 1, 0, 0, 0, 0, 0, 0, 0, 0, 0, 0, 0, 0, 0, 0, 0, 0, 0, 0, 0, 0, 1, 1, 0),
(603, 1, 1, 0, 21, 47, 3, 0, 3, 0, 0, 0, 0, 0, 0, 0, 0, 0, 0, 0, 0, 0, 3, 0, 0, 0, 0, 0, 0, 0, 0, 0, 0, 0, 0, 0, 0, 0, 0, 0, 0, 0, 0, 0, 3, 1, 0),
(604, 2, 1, 0, 21, 48, 59, 79, 55, 75, 2, 2, 2, 2, 0, 1, 0, 0, 0, 0, 0, 0, 59, 79, 0, 0, 0, 0, 0, 0, 0, 0, 0, 0, 0, 0, 0, 0, 0, 0, 0, 0, 1, 0, 0, 1, 0),
(605, 2, 1, 0, 21, 48, 60, 82, 56, 79, 2, 1, 2, 1, 1, 0, 0, 0, 0, 0, 0, 0, 60, 82, 0, 0, 0, 0, 0, 0, 0, 0, 0, 0, 0, 0, 0, 0, 0, 0, 0, 0, 1, 0, 142, 1, 0),
(606, 2, 1, 0, 21, 48, 128, 143, 122, 137, 4, 4, 3, 3, 0, 0, 0, 0, 0, 0, 0, 1, 128, 143, 0, 0, 0, 0, 0, 0, 0, 0, 0, 0, 0, 0, 0, 0, 0, 0, 0, 0, 1, 0, 271, 1, 0),
(607, 2, 1, 0, 21, 48, 396, 0, 376, 0, 9, 9, 0, 0, 0, 0, 1, 0, 0, 0, 1, 0, 396, 0, 0, 0, 0, 0, 0, 0, 0, 0, 0, 0, 0, 0, 0, 0, 0, 0, 0, 0, 3, 0, 396, 1, 0),
(608, 2, 1, 0, 21, 48, 393, 0, 373, 0, 9, 0, 9, 0, 0, 0, 1, 0, 0, 0, 1, 0, 393, 0, 0, 0, 0, 0, 0, 0, 0, 0, 0, 0, 0, 0, 0, 0, 0, 0, 0, 0, 0, 0, 393, 1, 0),
(609, 2, 1, 0, 21, 48, 166, 184, 156, 178, 6, 3, 4, 2, 0, 0, 0, 0, 0, 0, 0, 1, 165, 184, 1, 0, 0, 0, 0, 0, 0, 0, 0, 0, 0, 0, 0, 0, 0, 0, 0, 0, 2, 2, 350, 1, 0),
(610, 2, 1, 0, 21, 48, 113, 136, 107, 129, 4, 4, 2, 2, 0, 0, 0, 0, 0, 0, 0, 1, 112, 134, 1, 1, 0, 0, 0, 0, 0, 0, 0, 1, 0, 0, 0, 0, 0, 0, 0, 0, 0, 0, 249, 1, 0),
(611, 2, 1, 0, 21, 48, 226, 251, 216, 242, 5, 4, 5, 4, 0, 0, 0, 1, 0, 0, 0, 1, 226, 250, 0, 1, 0, 0, 0, 0, 0, 0, 0, 0, 0, 0, 0, 0, 0, 0, 0, 0, 2, 1, 477, 1, 0),
(612, 2, 1, 0, 9, 51, 1, 0, 1, 0, 0, 0, 0, 0, 0, 0, 0, 0, 0, 0, 0, 0, 1, 0, 0, 0, 0, 0, 0, 0, 0, 0, 0, 0, 0, 0, 0, 0, 0, 0, 0, 0, 0, 0, 1, 1, 0),
(613, 2, 3, 0, 9, 51, 0, 3, 0, 0, 0, 0, 0, 0, 0, 0, 0, 0, 0, 0, 0, 0, 0, 3, 0, 0, 0, 0, 0, 0, 0, 0, 0, 0, 0, 0, 0, 0, 0, 0, 0, 0, 0, 0, 0, 1, 0),
(614, 2, 3, 0, 9, 51, 0, 2, 0, 1, 0, 1, 0, 0, 0, 0, 0, 0, 0, 0, 0, 0, 0, 2, 0, 0, 0, 0, 0, 0, 0, 0, 0, 0, 0, 0, 0, 0, 0, 0, 0, 0, 0, 0, 2, 1, 0),
(615, 2, 3, 0, 9, 51, 1, 6, 0, 0, 0, 0, 0, 0, 0, 0, 0, 0, 0, 0, 0, 0, 1, 6, 0, 0, 0, 0, 0, 0, 0, 0, 0, 0, 0, 0, 0, 0, 0, 0, 0, 0, 0, 0, 0, 1, 0),
(616, 2, 3, 1, 9, 51, 0, 7, 0, 7, 0, 0, 0, 0, 0, 0, 0, 0, 0, 0, 0, 0, 0, 7, 0, 0, 0, 0, 0, 0, 0, 0, 0, 0, 0, 0, 0, 0, 0, 0, 0, 0, 0, 0, 7, 1, 0),
(617, 2, 3, 1, 9, 51, 1, 0, 1, 0, 0, 0, 0, 0, 0, 0, 0, 0, 0, 0, 0, 0, 1, 0, 0, 0, 0, 0, 0, 0, 0, 0, 0, 0, 0, 0, 0, 0, 0, 0, 0, 0, 0, 0, 1, 1, 0),
(618, 2, 3, 1, 9, 51, 5, 4, 4, 4, 1, 0, 0, 0, 0, 0, 0, 0, 0, 0, 0, 0, 5, 4, 0, 0, 0, 0, 0, 0, 0, 0, 0, 0, 0, 0, 0, 0, 0, 0, 0, 0, 0, 0, 9, 1, 0),
(619, 2, 3, 0, 9, 51, 0, 1, 0, 1, 0, 0, 0, 0, 0, 0, 0, 0, 0, 0, 0, 0, 0, 1, 0, 0, 0, 0, 0, 0, 0, 0, 0, 0, 0, 0, 0, 0, 0, 0, 0, 0, 0, 0, 1, 1, 0),
(620, 2, 3, 1, 9, 51, 1, 7, 1, 7, 0, 0, 0, 0, 0, 0, 0, 0, 0, 0, 0, 0, 1, 7, 0, 0, 0, 0, 0, 0, 0, 0, 0, 0, 0, 0, 0, 0, 0, 0, 0, 0, 0, 0, 8, 1, 0),
(621, 2, 3, 1, 9, 51, 1, 2, 1, 2, 0, 0, 0, 0, 0, 0, 0, 0, 0, 0, 0, 0, 1, 2, 0, 0, 0, 0, 0, 0, 0, 0, 0, 0, 0, 0, 0, 0, 0, 0, 0, 0, 0, 0, 3, 1, 0),
(622, 2, 3, 2, 9, 51, 3, 0, 2, 0, 1, 0, 0, 0, 0, 0, 0, 0, 0, 0, 0, 0, 3, 0, 0, 0, 0, 0, 0, 0, 0, 0, 0, 0, 0, 0, 0, 0, 0, 0, 0, 0, 0, 0, 3, 1, 0),
(623, 2, 1, 0, 9, 51, 7, 24, 7, 18, 0, 6, 0, 0, 0, 0, 0, 0, 0, 0, 0, 0, 7, 24, 0, 0, 0, 0, 0, 0, 0, 0, 0, 0, 0, 0, 0, 0, 0, 0, 0, 0, 0, 0, 31, 1, 0),
(624, 2, 1, 0, 9, 51, 8, 33, 8, 27, 0, 6, 0, 0, 0, 0, 0, 0, 0, 0, 0, 0, 8, 33, 0, 0, 0, 0, 0, 0, 0, 0, 0, 0, 0, 0, 0, 0, 0, 0, 0, 0, 0, 0, 41, 1, 0),
(625, 2, 1, 0, 9, 51, 7, 28, 7, 22, 0, 6, 0, 0, 0, 0, 0, 0, 0, 0, 0, 0, 7, 28, 0, 0, 0, 0, 0, 0, 0, 0, 0, 0, 0, 0, 0, 0, 0, 0, 0, 0, 0, 0, 35, 1, 0),
(626, 2, 1, 0, 9, 51, 12, 39, 10, 30, 2, 9, 0, 0, 0, 0, 0, 0, 0, 0, 0, 0, 12, 39, 0, 0, 0, 0, 0, 0, 0, 0, 0, 0, 0, 0, 0, 0, 0, 0, 0, 0, 0, 0, 51, 1, 0),
(627, 2, 1, 0, 9, 51, 9, 35, 7, 27, 1, 9, 0, 0, 0, 0, 0, 0, 0, 0, 0, 0, 9, 35, 0, 0, 0, 0, 0, 0, 0, 0, 0, 0, 0, 0, 0, 0, 0, 0, 0, 0, 0, 1, 44, 1, 0),
(628, 2, 1, 0, 9, 51, 8, 34, 7, 25, 1, 9, 0, 0, 0, 0, 0, 0, 0, 0, 0, 0, 8, 34, 0, 0, 0, 0, 0, 0, 0, 0, 0, 0, 0, 0, 0, 0, 0, 0, 0, 0, 0, 1, 42, 1, 0),
(629, 2, 1, 0, 9, 51, 8, 29, 8, 24, 0, 5, 0, 0, 0, 0, 0, 0, 0, 0, 0, 0, 8, 29, 0, 0, 0, 0, 0, 0, 0, 0, 0, 0, 0, 0, 0, 0, 0, 0, 0, 0, 0, 1, 37, 1, 0),
(630, 2, 1, 0, 9, 51, 8, 27, 7, 23, 1, 4, 0, 0, 0, 0, 0, 0, 0, 0, 0, 0, 8, 27, 0, 0, 0, 0, 0, 0, 0, 0, 0, 0, 0, 0, 0, 0, 0, 0, 0, 0, 0, 0, 35, 1, 0),
(631, 2, 1, 0, 9, 51, 7, 15, 7, 14, 0, 1, 0, 0, 0, 0, 0, 0, 0, 0, 0, 0, 7, 15, 0, 0, 0, 0, 0, 0, 0, 0, 0, 0, 0, 0, 0, 0, 0, 0, 0, 0, 0, 0, 22, 1, 0),
(632, 2, 1, 0, 9, 51, 7, 15, 7, 13, 0, 2, 0, 0, 0, 0, 0, 0, 0, 0, 0, 0, 7, 15, 0, 0, 0, 0, 0, 0, 0, 0, 0, 0, 0, 0, 0, 0, 0, 0, 0, 0, 0, 0, 22, 1, 0),
(633, 2, 1, 0, 9, 51, 4, 11, 3, 10, 1, 1, 0, 0, 0, 0, 0, 0, 0, 0, 0, 0, 4, 11, 0, 0, 0, 0, 0, 0, 0, 0, 0, 0, 0, 0, 0, 0, 0, 0, 0, 0, 0, 0, 15, 1, 0),
(634, 2, 1, 0, 9, 51, 4, 12, 3, 11, 1, 1, 0, 0, 0, 0, 0, 0, 0, 0, 0, 0, 4, 12, 0, 0, 0, 0, 0, 0, 0, 0, 0, 0, 0, 0, 0, 0, 0, 0, 0, 0, 0, 0, 16, 1, 0),
(635, 2, 1, 0, 9, 51, 0, 1, 0, 1, 0, 0, 0, 0, 0, 0, 0, 0, 0, 0, 0, 0, 0, 1, 0, 0, 0, 0, 0, 0, 0, 0, 0, 0, 0, 0, 0, 0, 0, 0, 0, 0, 0, 0, 1, 1, 0),
(636, 1, 3, 0, 9, 54, 0, 1, 1, 0, 0, 0, 0, 0, 0, 0, 0, 0, 0, 0, 0, 0, 1, 0, 0, 0, 0, 0, 0, 0, 0, 0, 0, 0, 0, 0, 0, 0, 0, 0, 0, 0, 0, 0, 1, 1, 0),
(637, 1, 3, 0, 1, 54, 0, 3, 3, 0, 0, 0, 0, 0, 0, 0, 0, 0, 0, 0, 0, 0, 3, 0, 0, 0, 0, 0, 0, 0, 0, 0, 0, 0, 0, 0, 0, 0, 0, 0, 0, 0, 0, 0, 3, 1, 0),
(638, 1, 3, 0, 1, 54, 0, 3, 3, 0, 0, 0, 0, 0, 0, 0, 0, 0, 0, 0, 0, 0, 3, 0, 0, 0, 0, 0, 0, 0, 0, 0, 0, 0, 0, 0, 0, 0, 0, 0, 0, 0, 0, 0, 3, 1, 0),
(639, 1, 3, 0, 1, 54, 5, 4, 9, 0, 0, 0, 0, 0, 0, 0, 0, 0, 0, 0, 0, 0, 9, 0, 0, 0, 0, 0, 0, 0, 0, 0, 0, 0, 0, 0, 0, 0, 0, 0, 0, 0, 0, 0, 9, 1, 0),
(640, 1, 3, 0, 1, 54, 2, 6, 8, 0, 0, 0, 0, 0, 0, 0, 0, 0, 0, 0, 0, 0, 8, 0, 0, 0, 0, 0, 0, 0, 0, 0, 0, 0, 0, 0, 0, 0, 0, 0, 0, 0, 0, 0, 8, 1, 0),
(641, 1, 3, 0, 1, 54, 3, 5, 7, 0, 0, 0, 1, 0, 0, 0, 0, 0, 0, 0, 0, 0, 8, 0, 0, 0, 0, 0, 0, 0, 0, 0, 0, 0, 0, 0, 0, 0, 0, 0, 0, 0, 0, 0, 8, 1, 0),
(642, 1, 3, 0, 1, 54, 7, 5, 12, 0, 0, 0, 0, 0, 0, 0, 0, 0, 0, 0, 0, 0, 12, 0, 0, 0, 0, 0, 0, 0, 0, 0, 0, 0, 0, 0, 0, 0, 0, 0, 0, 0, 0, 0, 12, 1, 0),
(643, 1, 1, 0, 1, 54, 17, 36, 53, 0, 0, 0, 0, 0, 0, 0, 0, 0, 0, 0, 0, 0, 53, 0, 0, 0, 0, 0, 0, 0, 0, 0, 0, 0, 0, 0, 0, 0, 0, 0, 0, 0, 0, 0, 53, 1, 0),
(644, 1, 1, 0, 1, 54, 6, 13, 19, 0, 0, 0, 0, 0, 0, 0, 0, 0, 0, 0, 0, 0, 19, 0, 0, 0, 0, 0, 0, 0, 0, 0, 0, 0, 0, 0, 0, 0, 0, 0, 0, 0, 0, 0, 19, 1, 0),
(645, 1, 1, 0, 1, 54, 12, 18, 29, 0, 0, 0, 0, 0, 0, 0, 0, 0, 0, 0, 1, 0, 29, 0, 0, 0, 0, 0, 0, 0, 0, 0, 0, 0, 0, 0, 0, 0, 1, 0, 0, 0, 0, 0, 30, 1, 0),
(646, 1, 1, 0, 1, 54, 8, 25, 33, 0, 0, 0, 0, 0, 0, 0, 0, 0, 0, 0, 0, 0, 33, 0, 0, 0, 0, 0, 0, 0, 0, 0, 0, 0, 0, 0, 0, 0, 0, 0, 0, 0, 0, 0, 33, 1, 0),
(647, 1, 1, 0, 1, 54, 0, 4, 2, 0, 1, 0, 1, 0, 0, 0, 0, 0, 0, 0, 0, 0, 4, 0, 0, 0, 0, 0, 0, 0, 0, 0, 0, 0, 0, 0, 0, 0, 0, 0, 0, 0, 0, 0, 4, 1, 0),
(648, 1, 1, 0, 1, 54, 24, 50, 24, 0, 0, 0, 0, 0, 0, 0, 0, 0, 0, 0, 0, 0, 74, 0, 0, 0, 0, 0, 0, 0, 0, 0, 0, 0, 0, 0, 0, 0, 0, 0, 0, 0, 0, 0, 74, 1, 0),
(649, 1, 3, 0, 1, 54, 3, 2, 5, 0, 0, 0, 0, 0, 0, 0, 0, 0, 0, 0, 0, 0, 5, 0, 0, 0, 0, 0, 0, 0, 0, 0, 0, 0, 0, 0, 0, 0, 0, 0, 0, 0, 0, 0, 5, 1, 0),
(650, 1, 3, 0, 1, 54, 1, 0, 1, 0, 0, 0, 0, 0, 0, 0, 0, 0, 0, 0, 0, 0, 1, 0, 0, 0, 0, 0, 0, 0, 0, 0, 0, 0, 0, 0, 0, 0, 0, 0, 0, 0, 0, 0, 1, 1, 0),
(651, 1, 3, 0, 1, 54, 0, 4, 4, 0, 0, 0, 0, 0, 0, 0, 0, 0, 0, 0, 0, 0, 4, 0, 0, 0, 0, 0, 0, 0, 0, 0, 0, 0, 0, 0, 0, 0, 0, 0, 0, 0, 0, 0, 4, 1, 0),
(652, 1, 3, 0, 1, 54, 1, 3, 4, 0, 0, 0, 0, 0, 0, 0, 0, 0, 0, 0, 0, 0, 4, 0, 0, 0, 0, 0, 0, 0, 0, 0, 0, 0, 0, 0, 0, 0, 0, 0, 0, 0, 0, 0, 4, 1, 0),
(653, 1, 3, 0, 1, 54, 4, 7, 10, 0, 0, 0, 1, 0, 0, 0, 0, 0, 0, 0, 0, 0, 11, 0, 0, 0, 0, 0, 0, 0, 0, 0, 0, 0, 0, 0, 0, 0, 0, 0, 0, 0, 0, 0, 11, 1, 0),
(654, 1, 3, 0, 1, 54, 5, 11, 16, 0, 0, 0, 0, 0, 0, 0, 0, 0, 0, 0, 0, 0, 16, 0, 0, 0, 0, 0, 0, 0, 0, 0, 0, 0, 0, 0, 0, 0, 0, 0, 0, 0, 0, 0, 16, 1, 0),
(655, 1, 3, 0, 1, 54, 2, 0, 2, 0, 0, 0, 0, 0, 0, 0, 0, 0, 0, 0, 0, 0, 2, 0, 0, 0, 0, 0, 0, 0, 0, 0, 0, 0, 0, 0, 0, 0, 0, 0, 0, 0, 0, 0, 2, 1, 0),
(656, 1, 3, 0, 1, 55, 19, 12, 13, 0, 0, 0, 0, 0, 0, 0, 0, 0, 0, 0, 0, 0, 19, 12, 0, 0, 0, 0, 0, 0, 0, 0, 0, 0, 0, 0, 0, 0, 0, 0, 1, 0, 0, 0, 31, 1, 0),
(657, 1, 1, 0, 1, 55, 17, 11, 28, 0, 0, 0, 0, 0, 0, 0, 0, 0, 0, 0, 0, 0, 28, 0, 0, 0, 0, 0, 0, 0, 0, 0, 0, 0, 0, 0, 0, 0, 0, 0, 0, 0, 0, 0, 28, 1, 0);
INSERT INTO `tbl_estadistica_matriz` (`ESTM_ID`, `ESTM_TIPO`, `ESTM_CONDICION`, `ESTM_TIPO_GRADO`, `ESTM_PERIODO`, `ESTM_CARRERA`, `ESTM_GENERO_H`, `ESTM_GENERO_M`, `ESTM_ETNIA_MESTIZO_H`, `ESTM_ETNIA_MESTIZO_M`, `ESTM_ETNIA_INDIGENA_H`, `ESTM_ETNIA_INDIGENA_M`, `ESTM_ETNIA_AFRO_H`, `ESTM_ETNIA_AFRO_M`, `ESTM_ETNIA_MONTUBIO_H`, `ESTM_ETNIA_MONTUBIO_M`, `ESTM_ETNIA_MULATO_H`, `ESTM_ETNIA_MULATO_M`, `ESTM_ETNIA_NEGRO_H`, `ESTM_ETNIA_NEGRO_M`, `ESTM_ETNIA_BLANCO_H`, `ESTM_ETNIA_BLANCO_M`, `ESTM_NACIONALIDAD_EC_H`, `ESTM_NACIONALIDAD_EC_M`, `ESTM_NACIONALIDAD_COL_H`, `ESTM_NACIONALIDAD_COL_M`, `ESTM_NACIONALIDAD_ESP_H`, `ESTM_NACIONALIDAD_ESP_M`, `ESTM_NACIONALIDAD_FRA_H`, `ESTM_NACIONALIDAD_FRA_M`, `ESTM_NACIONALIDAD_USA_H`, `ESTM_NACIONALIDAD_USA_M`, `ESTM_NACIONALIDAD_PER_H`, `ESTM_NACIONALIDAD_PER_M`, `ESTM_NACIONALIDAD_RUM_H`, `ESTM_NACIONALIDAD_RUM_M`, `ESTM_NACIONALIDAD_CUB_H`, `ESTM_NACIONALIDAD_CUB_M`, `ESTM_NACIONALIDAD_URC_H`, `ESTM_NACIONALIDAD_URC_M`, `ESTM_NACIONALIDAD_VEN_H`, `ESTM_NACIONALIDAD_VEN_M`, `ESTM_DISCAPACIDAD_H`, `ESTM_DISCAPACIDAD_M`, `ESTM_TOTAL`, `ESTM_SEDE`, `ESTM_ESTADO`) VALUES
(658, 1, 1, 0, 1, 55, 48, 36, 84, 0, 0, 0, 0, 0, 0, 0, 0, 0, 0, 0, 0, 0, 84, 0, 0, 0, 0, 0, 0, 0, 0, 0, 0, 0, 0, 0, 0, 0, 0, 0, 0, 0, 0, 0, 84, 1, 0),
(659, 1, 1, 0, 1, 55, 24, 21, 45, 0, 0, 0, 0, 0, 0, 0, 0, 0, 0, 0, 0, 0, 45, 0, 0, 0, 0, 0, 0, 0, 0, 0, 0, 0, 0, 0, 0, 0, 0, 0, 0, 0, 0, 0, 45, 1, 0),
(660, 1, 1, 0, 1, 55, 17, 11, 28, 0, 0, 0, 0, 0, 0, 0, 0, 0, 0, 0, 0, 0, 28, 0, 0, 0, 0, 0, 0, 0, 0, 0, 0, 0, 0, 0, 0, 0, 0, 0, 0, 0, 0, 0, 28, 1, 0),
(661, 1, 1, 0, 1, 55, 37, 21, 58, 0, 0, 0, 0, 0, 0, 0, 0, 0, 0, 0, 0, 0, 58, 0, 0, 0, 0, 0, 0, 0, 0, 0, 0, 0, 0, 0, 0, 0, 0, 0, 0, 0, 0, 0, 58, 1, 0),
(662, 2, 1, 0, 1, 55, 9, 3, 9, 3, 0, 0, 0, 0, 0, 0, 0, 0, 0, 0, 0, 0, 9, 3, 0, 0, 0, 0, 0, 0, 0, 0, 0, 0, 0, 0, 0, 0, 0, 0, 0, 0, 0, 0, 12, 1, 0),
(663, 1, 3, 0, 1, 89, 24, 12, 36, 0, 0, 0, 0, 0, 0, 0, 0, 0, 0, 0, 0, 0, 36, 0, 0, 0, 0, 0, 0, 0, 0, 0, 0, 0, 0, 0, 0, 0, 0, 0, 0, 0, 0, 0, 36, 1, 0),
(664, 1, 1, 0, 23, 56, 8, 25, 32, 0, 0, 0, 0, 0, 1, 0, 0, 0, 0, 0, 0, 0, 33, 0, 0, 0, 0, 0, 0, 0, 0, 0, 0, 0, 0, 0, 0, 0, 0, 0, 0, 0, 0, 0, 33, 1, 0),
(665, 1, 1, 0, 23, 56, 8, 25, 32, 0, 0, 0, 0, 0, 1, 0, 0, 0, 0, 0, 0, 0, 33, 0, 0, 0, 0, 0, 0, 0, 0, 0, 0, 0, 0, 0, 0, 0, 0, 0, 0, 0, 0, 0, 33, 1, 0),
(666, 1, 3, 0, 23, 56, 12, 10, 22, 0, 0, 0, 0, 0, 0, 0, 0, 0, 0, 0, 0, 0, 22, 0, 0, 0, 0, 0, 0, 0, 0, 0, 0, 0, 0, 0, 0, 0, 0, 0, 0, 0, 0, 0, 22, 1, 0),
(667, 1, 1, 0, 23, 56, 15, 15, 30, 0, 0, 0, 0, 0, 0, 0, 0, 0, 0, 0, 0, 0, 30, 0, 0, 0, 0, 0, 0, 0, 0, 0, 0, 0, 0, 0, 0, 0, 0, 0, 0, 0, 0, 0, 30, 1, 0),
(668, 1, 1, 0, 23, 56, 3, 23, 22, 0, 2, 0, 1, 0, 0, 0, 0, 0, 0, 0, 1, 0, 26, 0, 0, 0, 0, 0, 0, 0, 0, 0, 0, 0, 0, 0, 0, 0, 0, 0, 0, 0, 3, 0, 26, 1, 0),
(669, 1, 1, 0, 23, 56, 23, 40, 63, 0, 0, 0, 0, 0, 0, 0, 0, 0, 0, 0, 0, 0, 63, 0, 0, 0, 0, 0, 0, 0, 0, 0, 0, 0, 0, 0, 0, 0, 0, 0, 0, 0, 0, 0, 63, 1, 0),
(670, 1, 3, 0, 23, 56, 2, 3, 5, 0, 0, 0, 0, 0, 0, 0, 0, 0, 0, 0, 0, 0, 5, 0, 0, 0, 0, 0, 0, 0, 0, 0, 0, 0, 0, 0, 0, 0, 0, 0, 0, 0, 0, 1, 5, 1, 0),
(671, 1, 3, 0, 23, 57, 3, 7, 9, 0, 1, 0, 0, 0, 0, 0, 0, 0, 0, 0, 0, 0, 10, 0, 0, 0, 0, 0, 0, 0, 0, 0, 0, 0, 0, 0, 0, 0, 0, 0, 0, 0, 0, 0, 10, 1, 0),
(672, 1, 3, 0, 23, 57, 4, 13, 16, 0, 0, 0, 0, 0, 0, 0, 1, 0, 0, 0, 0, 0, 17, 0, 0, 0, 0, 0, 0, 0, 0, 0, 0, 0, 0, 0, 0, 0, 0, 0, 0, 0, 0, 0, 17, 1, 0),
(673, 1, 3, 0, 23, 57, 6, 8, 12, 0, 1, 0, 1, 0, 0, 0, 0, 0, 0, 0, 0, 0, 14, 0, 0, 0, 0, 0, 0, 0, 0, 0, 0, 0, 0, 0, 0, 0, 0, 0, 0, 0, 0, 0, 14, 1, 0),
(674, 1, 3, 0, 23, 57, 25, 52, 73, 0, 4, 0, 0, 0, 0, 0, 0, 0, 0, 0, 0, 0, 77, 0, 0, 0, 0, 0, 0, 0, 0, 0, 0, 0, 0, 0, 0, 0, 0, 0, 0, 0, 0, 0, 77, 1, 0),
(675, 1, 1, 0, 23, 57, 25, 55, 73, 0, 6, 0, 1, 0, 0, 0, 0, 0, 0, 0, 0, 0, 80, 0, 0, 0, 0, 0, 0, 0, 0, 0, 0, 0, 0, 0, 0, 0, 0, 0, 0, 0, 0, 0, 80, 1, 0),
(676, 1, 1, 0, 23, 57, 32, 72, 97, 0, 6, 0, 1, 0, 0, 0, 0, 0, 0, 0, 0, 0, 103, 0, 1, 0, 0, 0, 0, 0, 0, 0, 0, 0, 0, 0, 0, 0, 0, 0, 0, 0, 0, 0, 104, 1, 0),
(677, 1, 1, 0, 23, 57, 30, 62, 91, 0, 1, 0, 0, 0, 0, 0, 0, 0, 0, 0, 0, 0, 92, 0, 0, 0, 0, 0, 0, 0, 0, 0, 0, 0, 0, 0, 0, 0, 0, 0, 0, 0, 0, 0, 92, 1, 0),
(678, 1, 1, 0, 23, 57, 17, 36, 48, 0, 3, 0, 2, 0, 0, 0, 0, 0, 0, 0, 0, 0, 53, 0, 0, 0, 0, 0, 0, 0, 0, 0, 0, 0, 0, 0, 0, 0, 0, 0, 0, 0, 0, 0, 53, 1, 0),
(679, 1, 1, 0, 23, 57, 10, 18, 24, 0, 3, 0, 1, 0, 0, 0, 0, 0, 0, 0, 0, 0, 28, 0, 0, 0, 0, 0, 0, 0, 0, 0, 0, 0, 0, 0, 0, 0, 0, 0, 0, 0, 0, 0, 28, 1, 0),
(680, 1, 1, 0, 23, 57, 33, 81, 103, 0, 9, 0, 2, 0, 0, 0, 0, 0, 0, 0, 0, 0, 113, 0, 1, 0, 0, 0, 0, 0, 0, 0, 0, 0, 0, 0, 0, 0, 0, 0, 0, 0, 0, 0, 114, 1, 0),
(681, 1, 1, 0, 23, 57, 26, 75, 93, 0, 7, 0, 1, 0, 0, 0, 0, 0, 0, 0, 0, 0, 100, 0, 1, 0, 0, 0, 0, 0, 0, 0, 0, 0, 0, 0, 0, 0, 0, 0, 0, 0, 0, 0, 101, 1, 0),
(682, 2, 1, 0, 23, 58, 83, 0, 80, 0, 3, 0, 0, 0, 0, 0, 0, 0, 0, 0, 0, 0, 83, 0, 0, 0, 0, 0, 0, 0, 0, 0, 0, 0, 0, 0, 0, 0, 0, 0, 0, 0, 0, 0, 83, 1, 0),
(683, 2, 3, 0, 23, 58, 5, 0, 5, 0, 0, 0, 0, 0, 0, 0, 0, 0, 0, 0, 0, 0, 5, 0, 0, 0, 0, 0, 0, 0, 0, 0, 0, 0, 0, 0, 0, 0, 0, 0, 0, 0, 0, 0, 5, 1, 0),
(684, 2, 1, 0, 23, 58, 21, 3, 19, 3, 2, 0, 0, 0, 0, 0, 0, 0, 0, 0, 0, 0, 20, 3, 0, 0, 0, 0, 0, 0, 0, 0, 0, 0, 0, 0, 1, 0, 0, 0, 0, 0, 0, 0, 0, 1, 0),
(685, 2, 1, 0, 23, 58, 20, 4, 18, 4, 2, 0, 0, 0, 0, 0, 0, 0, 0, 0, 0, 0, 19, 4, 0, 0, 0, 0, 0, 0, 0, 0, 0, 0, 0, 0, 1, 0, 0, 0, 0, 0, 1, 0, 24, 1, 0),
(686, 2, 1, 0, 1, 58, 42, 10, 38, 8, 4, 2, 0, 0, 0, 0, 0, 0, 0, 0, 0, 0, 41, 10, 0, 0, 0, 0, 0, 0, 0, 0, 0, 0, 1, 0, 0, 0, 0, 0, 0, 0, 0, 0, 52, 1, 0),
(687, 2, 1, 0, 1, 58, 85, 0, 82, 0, 0, 3, 0, 0, 0, 0, 0, 0, 0, 0, 0, 0, 85, 0, 0, 0, 0, 0, 0, 0, 0, 0, 0, 0, 0, 0, 0, 0, 0, 0, 0, 0, 0, 0, 85, 1, 0),
(688, 2, 1, 0, 1, 58, 46, 11, 44, 9, 2, 2, 0, 0, 0, 0, 0, 0, 0, 0, 0, 0, 46, 11, 0, 0, 0, 0, 0, 0, 0, 0, 0, 0, 0, 0, 0, 0, 0, 0, 0, 0, 0, 0, 57, 1, 0),
(689, 2, 1, 0, 1, 58, 35, 6, 33, 6, 2, 0, 0, 0, 0, 0, 0, 0, 0, 0, 0, 0, 34, 6, 0, 0, 0, 0, 0, 0, 0, 0, 0, 0, 0, 0, 1, 0, 0, 0, 0, 0, 0, 0, 41, 1, 0),
(690, 1, 3, 0, 1, 58, 4, 0, 20, 0, 0, 0, 0, 0, 0, 0, 0, 0, 0, 0, 0, 0, 4, 0, 0, 0, 0, 0, 0, 0, 0, 0, 0, 0, 0, 0, 0, 0, 0, 0, 0, 0, 0, 0, 4, 1, 0),
(691, 3, 1, 0, 1, 58, 67, 12, 64, 12, 3, 0, 0, 0, 0, 0, 0, 0, 0, 0, 0, 0, 67, 12, 0, 0, 0, 0, 0, 0, 0, 0, 0, 0, 0, 0, 0, 0, 0, 0, 0, 0, 0, 0, 79, 1, 0),
(692, 1, 3, 0, 1, 58, 5, 0, 5, 0, 0, 0, 0, 0, 0, 0, 0, 0, 0, 0, 0, 0, 4, 0, 0, 0, 0, 0, 0, 0, 0, 0, 0, 0, 0, 0, 1, 0, 0, 0, 0, 0, 0, 0, 5, 1, 0),
(693, 1, 3, 0, 1, 58, 13, 0, 13, 0, 0, 0, 0, 0, 0, 0, 0, 0, 0, 0, 0, 0, 13, 0, 0, 0, 0, 0, 0, 0, 0, 0, 0, 0, 0, 0, 0, 0, 0, 0, 0, 0, 0, 0, 13, 1, 0),
(694, 1, 1, 0, 1, 58, 15, 0, 15, 0, 0, 0, 0, 0, 0, 0, 0, 0, 0, 0, 0, 0, 15, 0, 0, 0, 0, 0, 0, 0, 0, 0, 0, 0, 0, 0, 0, 0, 0, 0, 0, 0, 0, 0, 15, 1, 0),
(695, 1, 1, 0, 1, 58, 15, 0, 15, 0, 0, 0, 0, 0, 0, 0, 0, 0, 0, 0, 0, 0, 15, 0, 0, 0, 0, 0, 0, 0, 0, 0, 0, 0, 0, 0, 0, 0, 0, 0, 0, 0, 0, 0, 15, 1, 0),
(696, 1, 3, 0, 1, 59, 0, 5, 5, 0, 0, 0, 0, 0, 0, 0, 0, 0, 0, 0, 0, 0, 5, 0, 0, 0, 0, 0, 0, 0, 0, 0, 0, 0, 0, 0, 0, 0, 0, 0, 0, 0, 0, 0, 5, 1, 0),
(697, 1, 3, 0, 1, 59, 4, 4, 15, 4, 0, 0, 0, 0, 0, 0, 0, 0, 0, 0, 0, 0, 4, 4, 0, 0, 0, 0, 0, 0, 0, 0, 0, 0, 0, 0, 0, 0, 0, 0, 0, 0, 0, 0, 8, 1, 0),
(698, 1, 3, 0, 1, 59, 1, 0, 1, 0, 0, 0, 0, 0, 0, 0, 0, 0, 0, 0, 0, 0, 1, 0, 0, 0, 0, 0, 0, 0, 0, 0, 0, 0, 0, 0, 0, 0, 0, 0, 0, 0, 0, 0, 1, 1, 0),
(699, 1, 1, 0, 1, 59, 5, 9, 13, 0, 1, 0, 0, 0, 0, 0, 0, 0, 0, 0, 0, 0, 14, 0, 0, 0, 0, 0, 0, 0, 0, 0, 0, 0, 0, 0, 0, 0, 0, 0, 0, 0, 0, 0, 14, 1, 0),
(700, 1, 1, 0, 1, 59, 5, 9, 13, 0, 1, 0, 0, 0, 0, 0, 0, 0, 0, 0, 0, 0, 14, 0, 0, 0, 0, 0, 0, 0, 0, 0, 0, 0, 0, 0, 0, 0, 0, 0, 0, 0, 0, 0, 14, 1, 0),
(701, 1, 1, 0, 1, 59, 5, 9, 13, 0, 1, 0, 0, 0, 0, 0, 0, 0, 0, 0, 0, 0, 14, 0, 0, 0, 0, 0, 0, 0, 0, 0, 0, 0, 0, 0, 0, 0, 0, 0, 0, 0, 0, 0, 14, 1, 0),
(702, 1, 1, 0, 1, 59, 5, 9, 13, 0, 1, 0, 0, 0, 0, 0, 0, 0, 0, 0, 0, 0, 14, 0, 0, 0, 0, 0, 0, 0, 0, 0, 0, 0, 0, 0, 0, 0, 0, 0, 0, 0, 0, 0, 14, 1, 0),
(703, 1, 3, 0, 1, 61, 3, 0, 3, 0, 0, 0, 0, 0, 0, 0, 0, 0, 0, 0, 0, 0, 3, 0, 0, 0, 0, 0, 0, 0, 0, 0, 0, 0, 0, 0, 0, 0, 0, 0, 0, 0, 0, 0, 3, 1, 0),
(704, 1, 1, 0, 1, 61, 24, 1, 25, 0, 0, 0, 0, 0, 0, 0, 0, 0, 0, 0, 0, 0, 25, 0, 0, 0, 0, 0, 0, 0, 0, 0, 0, 0, 0, 0, 0, 0, 0, 0, 0, 0, 0, 0, 25, 1, 0),
(705, 1, 1, 0, 1, 61, 24, 1, 25, 0, 0, 0, 0, 0, 0, 0, 0, 0, 0, 0, 0, 0, 25, 0, 0, 0, 0, 0, 0, 0, 0, 0, 0, 0, 0, 0, 0, 0, 0, 0, 0, 0, 0, 0, 25, 1, 0),
(706, 1, 1, 0, 1, 61, 24, 1, 25, 0, 0, 0, 0, 0, 0, 0, 0, 0, 0, 0, 0, 0, 25, 0, 0, 0, 0, 0, 0, 0, 0, 0, 0, 0, 0, 0, 0, 0, 0, 0, 0, 0, 0, 0, 25, 1, 0),
(707, 1, 1, 0, 1, 62, 13, 3, 14, 0, 1, 0, 0, 0, 1, 0, 0, 0, 0, 0, 0, 0, 16, 0, 1, 0, 0, 0, 0, 0, 0, 0, 0, 0, 0, 0, 0, 0, 0, 0, 0, 0, 0, 0, 16, 1, 0),
(708, 1, 1, 0, 1, 62, 13, 3, 14, 0, 1, 0, 0, 0, 1, 0, 0, 0, 0, 0, 0, 0, 16, 0, 0, 0, 0, 0, 0, 0, 0, 0, 0, 0, 0, 0, 0, 0, 0, 0, 0, 0, 0, 0, 16, 1, 0),
(709, 1, 3, 0, 1, 62, 6, 3, 8, 0, 0, 0, 0, 0, 0, 0, 0, 0, 0, 0, 0, 0, 9, 0, 0, 0, 0, 0, 0, 0, 0, 0, 0, 0, 0, 0, 0, 0, 0, 0, 0, 0, 0, 0, 9, 1, 0),
(710, 1, 3, 0, 1, 64, 1, 2, 3, 0, 0, 0, 0, 0, 0, 0, 0, 0, 0, 0, 0, 0, 3, 0, 0, 0, 0, 0, 0, 0, 0, 0, 0, 0, 0, 0, 0, 0, 0, 0, 0, 0, 0, 0, 3, 1, 0),
(711, 1, 1, 0, 9, 64, 39, 0, 0, 0, 0, 0, 0, 0, 0, 0, 0, 0, 0, 0, 0, 0, 38, 0, 1, 0, 0, 0, 0, 0, 0, 0, 0, 0, 0, 0, 0, 0, 0, 0, 0, 0, 0, 0, 39, 1, 0),
(712, 1, 1, 0, 9, 64, 29, 1, 29, 0, 1, 0, 0, 0, 0, 0, 0, 0, 0, 0, 0, 0, 29, 1, 0, 0, 0, 0, 0, 0, 0, 0, 0, 0, 0, 0, 0, 0, 0, 0, 0, 0, 0, 0, 30, 1, 0),
(713, 2, 1, 0, 9, 64, 4, 9, 4, 9, 0, 0, 0, 0, 0, 0, 0, 0, 0, 0, 0, 0, 4, 9, 0, 0, 0, 0, 0, 0, 0, 0, 0, 0, 0, 0, 0, 0, 0, 0, 0, 0, 0, 0, 13, 1, 0),
(714, 2, 1, 0, 9, 64, 30, 0, 29, 0, 0, 1, 0, 0, 0, 0, 0, 0, 0, 0, 0, 0, 30, 0, 0, 0, 0, 0, 0, 0, 0, 0, 0, 0, 0, 0, 0, 0, 0, 0, 0, 0, 0, 0, 30, 1, 0),
(715, 2, 1, 0, 9, 64, 9, 16, 9, 15, 0, 0, 0, 1, 0, 0, 0, 0, 0, 0, 0, 0, 9, 16, 0, 0, 0, 0, 0, 0, 0, 0, 0, 0, 0, 0, 0, 0, 0, 0, 0, 0, 0, 0, 25, 1, 0),
(716, 2, 1, 0, 9, 64, 5, 8, 5, 8, 0, 0, 0, 0, 0, 0, 0, 0, 0, 0, 0, 0, 5, 8, 0, 0, 0, 0, 0, 0, 0, 0, 0, 0, 0, 0, 0, 0, 0, 0, 0, 0, 0, 0, 13, 1, 0),
(717, 2, 1, 0, 9, 64, 17, 29, 17, 28, 0, 0, 0, 1, 0, 0, 0, 0, 0, 0, 0, 0, 17, 29, 0, 0, 0, 0, 0, 0, 0, 0, 0, 0, 0, 0, 0, 0, 0, 0, 0, 0, 0, 1, 46, 1, 0),
(718, 2, 1, 0, 9, 64, 26, 0, 25, 0, 0, 0, 1, 0, 0, 0, 0, 0, 0, 0, 0, 0, 26, 0, 0, 0, 0, 0, 0, 0, 0, 0, 0, 0, 0, 0, 0, 0, 0, 0, 0, 0, 0, 0, 26, 1, 0),
(719, 2, 3, 0, 9, 65, 5, 6, 5, 5, 0, 1, 0, 0, 0, 0, 0, 0, 0, 0, 0, 0, 5, 6, 0, 0, 0, 0, 0, 0, 0, 0, 0, 0, 0, 0, 0, 0, 0, 0, 0, 0, 0, 0, 11, 1, 0),
(720, 2, 1, 0, 9, 65, 17, 14, 14, 13, 2, 1, 1, 0, 0, 0, 0, 0, 0, 0, 0, 0, 17, 14, 0, 0, 0, 0, 0, 0, 0, 0, 0, 0, 0, 0, 0, 0, 0, 0, 0, 0, 1, 0, 31, 1, 0),
(721, 2, 1, 0, 3, 65, 15, 12, 13, 11, 1, 1, 0, 0, 1, 0, 0, 0, 0, 0, 0, 0, 15, 12, 0, 0, 0, 0, 0, 0, 0, 0, 0, 0, 0, 0, 0, 0, 0, 0, 0, 0, 1, 0, 27, 1, 0),
(722, 2, 1, 0, 3, 65, 34, 38, 28, 35, 5, 2, 1, 1, 0, 0, 1, 0, 0, 0, 0, 0, 34, 38, 0, 0, 0, 0, 0, 0, 0, 0, 0, 0, 0, 0, 0, 0, 0, 0, 0, 0, 1, 0, 72, 1, 0),
(723, 2, 1, 0, 3, 65, 106, 0, 102, 0, 4, 0, 0, 0, 0, 0, 0, 0, 0, 0, 0, 0, 106, 0, 0, 0, 0, 0, 0, 0, 0, 0, 0, 0, 0, 0, 0, 0, 0, 0, 0, 0, 1, 0, 106, 1, 0),
(724, 2, 1, 0, 3, 65, 104, 0, 92, 0, 8, 0, 2, 0, 0, 0, 1, 0, 0, 0, 1, 0, 102, 0, 1, 0, 1, 0, 0, 0, 0, 0, 0, 0, 0, 0, 0, 0, 0, 0, 0, 0, 0, 0, 104, 1, 0),
(725, 2, 1, 0, 3, 65, 37, 43, 28, 40, 4, 3, 2, 0, 0, 0, 1, 0, 0, 0, 2, 0, 34, 43, 1, 0, 1, 0, 1, 0, 0, 0, 0, 0, 0, 0, 0, 0, 0, 0, 0, 0, 1, 0, 80, 1, 0),
(726, 2, 1, 0, 3, 65, 25, 30, 18, 25, 5, 4, 1, 1, 0, 0, 1, 0, 0, 0, 0, 0, 25, 30, 0, 0, 0, 0, 0, 0, 0, 0, 0, 0, 0, 0, 0, 0, 0, 0, 0, 0, 1, 0, 55, 1, 0),
(727, 1, 3, 0, 3, 65, 7, 9, 14, 0, 2, 0, 0, 0, 0, 0, 0, 0, 0, 0, 0, 0, 16, 0, 0, 0, 0, 0, 0, 0, 0, 0, 0, 0, 0, 0, 0, 0, 0, 0, 0, 0, 0, 0, 16, 1, 0),
(728, 1, 1, 0, 17, 65, 17, 0, 17, 0, 0, 0, 0, 0, 0, 0, 0, 0, 0, 0, 0, 0, 17, 0, 0, 0, 0, 0, 0, 0, 0, 0, 0, 0, 0, 0, 0, 0, 0, 0, 0, 0, 0, 0, 17, 1, 0),
(729, 2, 1, 0, 97, 65, 71, 56, 64, 53, 3, 3, 2, 0, 0, 0, 1, 0, 0, 0, 1, 0, 69, 55, 1, 0, 1, 1, 0, 0, 0, 0, 0, 0, 0, 0, 0, 0, 0, 0, 0, 0, 0, 0, 127, 1, 0),
(730, 2, 3, 0, 4, 66, 2, 12, 0, 0, 0, 0, 0, 0, 0, 0, 0, 0, 0, 0, 0, 0, 2, 12, 0, 0, 0, 0, 0, 0, 0, 0, 0, 0, 0, 0, 0, 0, 0, 0, 0, 0, 0, 0, 14, 1, 0),
(731, 2, 3, 0, 5, 66, 4, 1, 4, 1, 0, 0, 0, 0, 0, 0, 0, 0, 0, 0, 0, 0, 4, 1, 0, 0, 0, 0, 0, 0, 0, 0, 0, 0, 0, 0, 0, 0, 0, 0, 0, 0, 0, 0, 5, 1, 0),
(732, 2, 1, 0, 6, 66, 3, 11, 3, 11, 0, 0, 0, 0, 0, 0, 0, 0, 0, 0, 0, 0, 3, 11, 0, 0, 0, 0, 0, 0, 0, 0, 0, 0, 0, 0, 0, 0, 0, 0, 0, 0, 1, 1, 14, 1, 0),
(733, 2, 1, 0, 102, 66, 3, 8, 3, 8, 0, 0, 0, 0, 0, 0, 0, 0, 0, 0, 0, 0, 3, 8, 0, 0, 0, 0, 0, 0, 0, 0, 0, 0, 0, 0, 0, 0, 0, 0, 0, 0, 0, 0, 11, 1, 0),
(734, 2, 1, 0, 18, 66, 5, 26, 5, 25, 0, 0, 0, 0, 0, 0, 0, 0, 0, 0, 0, 0, 5, 25, 0, 1, 0, 0, 0, 0, 0, 0, 0, 0, 0, 0, 0, 0, 0, 0, 0, 0, 1, 0, 31, 1, 0),
(735, 2, 1, 0, 18, 66, 3, 18, 3, 17, 0, 1, 0, 0, 0, 0, 0, 0, 0, 0, 0, 0, 3, 18, 0, 0, 0, 0, 0, 0, 0, 0, 0, 0, 0, 0, 0, 0, 0, 0, 0, 0, 1, 0, 21, 1, 0),
(736, 2, 1, 0, 18, 66, 4, 21, 4, 21, 0, 0, 0, 0, 0, 0, 0, 0, 0, 0, 0, 0, 4, 21, 0, 0, 0, 0, 0, 0, 0, 0, 0, 0, 0, 0, 0, 0, 0, 0, 0, 0, 1, 0, 25, 1, 0),
(737, 1, 1, 0, 18, 66, 28, 68, 92, 0, 3, 0, 0, 0, 0, 0, 0, 0, 1, 0, 0, 0, 96, 0, 0, 0, 0, 0, 0, 0, 0, 0, 0, 0, 0, 0, 0, 0, 0, 0, 0, 0, 0, 0, 96, 1, 0),
(738, 2, 1, 0, 97, 66, 29, 48, 28, 46, 1, 2, 0, 0, 0, 0, 0, 0, 0, 0, 0, 0, 29, 48, 0, 0, 0, 0, 0, 0, 0, 0, 0, 0, 0, 0, 0, 0, 0, 0, 0, 0, 13, 23, 77, 1, 0),
(739, 2, 1, 0, 97, 66, 36, 0, 33, 0, 3, 0, 0, 0, 0, 0, 0, 0, 0, 0, 0, 0, 36, 0, 0, 0, 0, 0, 0, 0, 0, 0, 0, 0, 0, 0, 0, 0, 0, 0, 0, 0, 1, 0, 36, 1, 0),
(740, 2, 3, 0, 97, 66, 0, 2, 0, 2, 0, 0, 0, 0, 0, 0, 0, 0, 0, 0, 0, 0, 0, 2, 0, 0, 0, 0, 0, 0, 0, 0, 0, 0, 0, 0, 0, 0, 0, 0, 0, 0, 0, 0, 2, 1, 0),
(741, 2, 3, 0, 4, 66, 1, 13, 1, 13, 0, 0, 0, 0, 0, 0, 0, 0, 0, 0, 0, 0, 1, 13, 0, 0, 0, 0, 0, 0, 0, 0, 0, 0, 0, 0, 0, 0, 0, 0, 0, 0, 0, 0, 14, 1, 0),
(742, 2, 3, 0, 4, 66, 6, 27, 6, 24, 2, 3, 0, 0, 0, 0, 0, 0, 0, 0, 0, 0, 6, 27, 0, 0, 0, 0, 0, 0, 0, 0, 0, 0, 0, 0, 0, 0, 0, 0, 0, 0, 0, 0, 33, 1, 0),
(743, 2, 1, 0, 4, 67, 13, 7, 12, 7, 1, 0, 0, 0, 0, 0, 0, 0, 0, 0, 0, 0, 13, 7, 0, 0, 0, 0, 0, 0, 0, 0, 0, 0, 0, 0, 0, 0, 0, 0, 0, 0, 0, 0, 0, 1, 0),
(744, 2, 1, 0, 4, 67, 12, 7, 11, 7, 1, 0, 0, 0, 0, 0, 0, 0, 0, 0, 0, 0, 12, 6, 0, 1, 0, 0, 0, 0, 0, 0, 0, 0, 0, 0, 0, 0, 0, 0, 0, 0, 0, 0, 19, 1, 0),
(745, 2, 1, 0, 4, 67, 16, 16, 14, 17, 2, 0, 0, 0, 0, 0, 0, 0, 0, 0, 0, 0, 16, 16, 0, 0, 0, 0, 0, 0, 0, 0, 0, 0, 0, 0, 0, 0, 0, 0, 0, 0, 1, 0, 32, 1, 0),
(746, 2, 1, 0, 4, 67, 38, 0, 36, 0, 2, 0, 0, 0, 0, 0, 0, 0, 0, 0, 0, 0, 38, 0, 0, 0, 0, 0, 0, 0, 0, 0, 0, 0, 0, 0, 0, 0, 0, 0, 0, 0, 0, 0, 38, 1, 0),
(747, 2, 1, 0, 5, 67, 35, 0, 34, 0, 1, 0, 0, 0, 0, 0, 0, 0, 0, 0, 0, 0, 34, 0, 1, 0, 0, 0, 0, 0, 0, 0, 0, 0, 0, 0, 0, 0, 0, 0, 0, 0, 0, 0, 35, 1, 0),
(748, 2, 1, 0, 5, 67, 21, 16, 19, 16, 2, 0, 0, 0, 0, 0, 0, 0, 0, 0, 0, 0, 21, 15, 0, 1, 0, 0, 0, 0, 0, 0, 0, 0, 0, 0, 0, 0, 0, 0, 0, 0, 0, 0, 37, 1, 0),
(749, 2, 1, 0, 5, 67, 14, 14, 12, 14, 2, 0, 0, 0, 0, 0, 0, 0, 0, 0, 0, 0, 14, 13, 0, 1, 0, 0, 0, 0, 0, 0, 0, 0, 0, 0, 0, 0, 0, 0, 0, 0, 0, 0, 28, 1, 0),
(750, 3, 1, 0, 6, 67, 17, 15, 17, 16, 1, 0, 0, 0, 0, 0, 0, 0, 0, 0, 0, 0, 17, 15, 0, 0, 0, 0, 0, 0, 0, 0, 0, 0, 0, 0, 0, 0, 0, 0, 0, 0, 0, 0, 32, 1, 0),
(751, 2, 1, 0, 6, 69, 56, 0, 53, 0, 1, 0, 2, 0, 0, 0, 0, 0, 0, 0, 0, 0, 55, 0, 1, 0, 0, 0, 0, 0, 0, 0, 0, 0, 0, 0, 0, 0, 0, 0, 0, 0, 0, 0, 56, 1, 0),
(752, 2, 3, 0, 6, 69, 1, 6, 2, 1, 0, 0, 0, 0, 0, 0, 0, 0, 0, 0, 0, 0, 1, 5, 0, 0, 0, 1, 0, 0, 0, 0, 0, 0, 0, 0, 0, 0, 0, 0, 0, 0, 0, 0, 7, 1, 0),
(753, 2, 3, 0, 6, 69, 1, 9, 1, 8, 1, 0, 0, 0, 0, 0, 0, 0, 0, 0, 0, 0, 1, 9, 0, 0, 0, 0, 0, 0, 0, 0, 0, 0, 0, 0, 0, 0, 0, 0, 0, 0, 0, 0, 10, 1, 0),
(754, 2, 1, 0, 1, 69, 14, 38, 15, 35, 0, 2, 0, 0, 0, 0, 0, 0, 0, 0, 0, 0, 14, 38, 0, 0, 0, 0, 0, 0, 0, 0, 0, 0, 0, 0, 0, 0, 0, 0, 0, 0, 0, 0, 52, 1, 0),
(755, 2, 1, 0, 1, 69, 24, 55, 23, 50, 1, 3, 0, 2, 0, 0, 0, 0, 0, 0, 0, 0, 23, 54, 1, 1, 0, 0, 0, 0, 0, 0, 0, 0, 0, 0, 0, 0, 0, 0, 0, 0, 0, 0, 79, 1, 0),
(756, 2, 1, 0, 1, 69, 23, 54, 21, 48, 1, 4, 0, 2, 0, 0, 0, 0, 0, 0, 1, 0, 22, 53, 1, 1, 0, 0, 0, 0, 0, 0, 0, 0, 0, 0, 0, 0, 0, 0, 0, 0, 0, 0, 77, 1, 0),
(757, 2, 1, 0, 1, 69, 29, 67, 27, 61, 0, 4, 2, 2, 0, 0, 0, 0, 0, 0, 1, 0, 29, 66, 0, 1, 0, 0, 0, 0, 0, 0, 0, 0, 0, 0, 0, 0, 0, 0, 0, 0, 0, 1, 96, 1, 0),
(758, 2, 1, 0, 1, 69, 72, 0, 68, 0, 1, 2, 0, 0, 0, 0, 0, 0, 0, 0, 1, 0, 71, 0, 1, 0, 0, 0, 0, 0, 0, 0, 0, 0, 0, 0, 0, 0, 0, 0, 0, 0, 1, 0, 72, 1, 0),
(759, 2, 1, 0, 1, 69, 31, 61, 26, 58, 3, 2, 1, 1, 0, 0, 0, 0, 0, 0, 1, 0, 31, 60, 0, 1, 0, 0, 0, 0, 0, 0, 0, 0, 0, 0, 0, 0, 0, 0, 0, 0, 1, 1, 92, 1, 0),
(760, 2, 1, 0, 1, 69, 24, 57, 21, 55, 1, 2, 1, 0, 0, 0, 0, 0, 0, 0, 1, 0, 24, 56, 0, 1, 0, 0, 0, 0, 0, 0, 0, 0, 0, 0, 0, 0, 0, 0, 0, 0, 0, 1, 81, 1, 0),
(761, 2, 1, 0, 1, 69, 13, 22, 11, 21, 1, 0, 1, 1, 0, 0, 0, 0, 0, 0, 0, 0, 13, 22, 0, 0, 0, 0, 0, 0, 0, 0, 0, 0, 0, 0, 0, 0, 0, 0, 0, 0, 0, 1, 35, 1, 0),
(762, 2, 1, 0, 1, 70, 43, 0, 39, 0, 4, 0, 0, 0, 0, 0, 0, 0, 0, 0, 0, 0, 43, 0, 0, 0, 0, 0, 0, 0, 0, 0, 0, 0, 0, 0, 0, 0, 0, 0, 0, 0, 0, 0, 43, 1, 0),
(763, 2, 1, 0, 103, 70, 40, 0, 36, 0, 4, 0, 0, 0, 0, 0, 0, 0, 0, 0, 0, 0, 40, 0, 0, 0, 0, 0, 0, 0, 0, 0, 0, 0, 0, 0, 0, 0, 0, 0, 0, 0, 0, 0, 40, 1, 0),
(764, 2, 3, 0, 103, 70, 2, 2, 2, 2, 0, 0, 0, 0, 0, 0, 0, 0, 0, 0, 0, 0, 2, 2, 0, 0, 0, 0, 0, 0, 0, 0, 0, 0, 0, 0, 0, 0, 0, 0, 0, 0, 0, 0, 4, 1, 0),
(765, 2, 1, 0, 103, 70, 12, 7, 11, 4, 1, 3, 0, 0, 0, 0, 0, 0, 0, 0, 0, 0, 12, 7, 0, 0, 0, 0, 0, 0, 0, 0, 0, 0, 0, 0, 0, 0, 0, 0, 0, 0, 0, 0, 0, 1, 0),
(766, 2, 1, 0, 103, 70, 11, 6, 10, 4, 1, 2, 0, 0, 0, 0, 0, 0, 0, 0, 0, 0, 11, 6, 0, 0, 0, 0, 0, 0, 0, 0, 0, 0, 0, 0, 0, 0, 0, 0, 0, 0, 0, 0, 17, 1, 0),
(767, 2, 1, 0, 11, 70, 23, 10, 20, 8, 3, 2, 0, 0, 0, 0, 0, 0, 0, 0, 0, 0, 23, 10, 0, 0, 0, 0, 0, 0, 0, 0, 0, 0, 0, 0, 0, 0, 0, 0, 0, 0, 0, 0, 33, 1, 0),
(768, 2, 1, 0, 11, 70, 28, 11, 26, 9, 2, 2, 0, 0, 0, 0, 0, 0, 0, 0, 0, 0, 28, 11, 0, 0, 0, 0, 0, 0, 0, 0, 0, 0, 0, 0, 0, 0, 0, 0, 0, 0, 0, 0, 39, 1, 0),
(769, 2, 1, 0, 11, 70, 21, 9, 19, 7, 2, 2, 0, 0, 0, 0, 0, 0, 0, 0, 0, 0, 21, 9, 0, 0, 0, 0, 0, 0, 0, 0, 0, 0, 0, 0, 0, 0, 0, 0, 0, 0, 0, 0, 30, 1, 0),
(770, 2, 1, 0, 11, 70, 37, 21, 32, 21, 5, 0, 0, 0, 0, 0, 0, 0, 0, 0, 0, 0, 37, 21, 0, 0, 0, 0, 0, 0, 0, 0, 0, 0, 0, 0, 0, 0, 0, 0, 0, 0, 0, 0, 58, 1, 0),
(771, 2, 3, 0, 2, 71, 0, 2, 0, 0, 0, 1, 0, 0, 0, 0, 0, 1, 0, 0, 0, 0, 0, 2, 0, 0, 0, 0, 0, 0, 0, 0, 0, 0, 0, 0, 0, 0, 0, 0, 0, 0, 0, 0, 2, 1, 0),
(772, 2, 1, 0, 2, 71, 2, 9, 1, 6, 1, 2, 0, 1, 0, 0, 0, 0, 0, 0, 0, 0, 2, 9, 0, 0, 0, 0, 0, 0, 0, 0, 0, 0, 0, 0, 0, 0, 0, 0, 0, 0, 0, 0, 0, 1, 0),
(773, 2, 1, 0, 2, 71, 2, 5, 1, 3, 1, 1, 0, 1, 0, 0, 0, 0, 0, 0, 0, 0, 2, 5, 0, 0, 0, 0, 0, 0, 0, 0, 0, 0, 0, 0, 0, 0, 0, 0, 0, 0, 0, 0, 7, 1, 0),
(774, 2, 1, 0, 15, 71, 4, 14, 2, 10, 2, 3, 0, 1, 0, 0, 0, 0, 0, 0, 0, 0, 4, 14, 0, 0, 0, 0, 0, 0, 0, 0, 0, 0, 0, 0, 0, 0, 0, 0, 0, 0, 0, 1, 18, 1, 0),
(775, 2, 1, 0, 15, 71, 11, 0, 7, 0, 3, 0, 0, 0, 0, 0, 0, 0, 0, 0, 1, 0, 11, 0, 0, 0, 0, 0, 0, 0, 0, 0, 0, 0, 0, 0, 0, 0, 0, 0, 0, 0, 0, 0, 11, 1, 0),
(776, 2, 1, 0, 15, 71, 11, 0, 7, 0, 3, 0, 1, 0, 0, 0, 0, 0, 0, 0, 0, 0, 11, 0, 0, 0, 0, 0, 0, 0, 0, 0, 0, 0, 0, 0, 0, 0, 0, 0, 0, 0, 0, 0, 11, 1, 0),
(777, 2, 1, 0, 25, 71, 3, 10, 2, 5, 1, 3, 0, 1, 0, 0, 0, 0, 0, 0, 0, 0, 3, 9, 0, 0, 0, 0, 0, 0, 0, 0, 0, 0, 0, 0, 0, 0, 0, 0, 0, 1, 0, 0, 13, 1, 0),
(778, 2, 1, 0, 105, 71, 3, 10, 4, 4, 1, 3, 0, 1, 0, 0, 0, 0, 0, 0, 0, 0, 3, 10, 0, 0, 0, 0, 0, 0, 0, 0, 0, 0, 0, 0, 0, 0, 0, 0, 0, 0, 0, 1, 13, 1, 0),
(779, 2, 1, 0, 105, 71, 3, 6, 2, 5, 1, 1, 0, 0, 0, 0, 0, 0, 0, 0, 0, 0, 3, 6, 0, 0, 0, 0, 0, 0, 0, 0, 0, 0, 0, 0, 0, 0, 0, 0, 0, 0, 0, 0, 9, 1, 0),
(780, 2, 3, 0, 105, 109, 0, 1, 0, 1, 0, 0, 0, 0, 0, 0, 0, 0, 0, 0, 0, 0, 0, 1, 0, 0, 0, 0, 0, 0, 0, 0, 0, 0, 0, 0, 0, 0, 0, 0, 0, 0, 0, 0, 1, 1, 0),
(781, 1, 1, 0, 105, 73, 4, 22, 25, 0, 1, 0, 0, 0, 0, 0, 0, 0, 0, 0, 0, 0, 26, 0, 0, 0, 0, 0, 0, 0, 0, 0, 0, 0, 0, 0, 0, 0, 0, 0, 0, 0, 0, 0, 26, 1, 0),
(782, 1, 1, 0, 105, 73, 18, 54, 71, 0, 1, 0, 0, 0, 0, 0, 0, 0, 0, 0, 0, 0, 72, 0, 1, 0, 0, 0, 0, 0, 0, 0, 0, 0, 0, 0, 0, 0, 0, 0, 0, 0, 0, 0, 72, 1, 0),
(783, 1, 3, 0, 105, 73, 13, 33, 12, 33, 1, 0, 0, 0, 0, 0, 0, 0, 0, 0, 0, 0, 13, 33, 0, 0, 0, 0, 0, 0, 0, 0, 0, 0, 0, 0, 0, 0, 0, 0, 0, 0, 0, 2, 46, 1, 0),
(784, 1, 3, 0, 105, 73, 6, 17, 23, 0, 0, 0, 0, 0, 0, 0, 0, 0, 0, 0, 0, 0, 23, 0, 0, 0, 0, 0, 0, 0, 0, 0, 0, 0, 0, 0, 0, 0, 0, 0, 0, 0, 0, 0, 23, 1, 0),
(785, 1, 3, 0, 105, 73, 3, 0, 3, 0, 0, 0, 0, 0, 0, 0, 0, 0, 0, 0, 0, 0, 3, 0, 0, 0, 0, 0, 0, 0, 0, 0, 0, 0, 0, 0, 0, 0, 0, 0, 0, 0, 0, 0, 3, 1, 0),
(786, 2, 1, 0, 105, 75, 127, 0, 113, 0, 10, 0, 3, 0, 0, 0, 0, 0, 1, 0, 1, 0, 127, 0, 0, 0, 0, 0, 0, 0, 0, 0, 0, 0, 0, 0, 0, 0, 0, 0, 1, 0, 0, 0, 127, 1, 0),
(787, 2, 3, 0, 105, 75, 0, 1, 0, 1, 0, 0, 0, 0, 0, 0, 0, 0, 0, 0, 0, 0, 0, 1, 0, 0, 0, 0, 0, 0, 0, 0, 0, 0, 0, 0, 0, 0, 0, 0, 0, 0, 0, 0, 1, 1, 0),
(788, 2, 3, 0, 105, 75, 0, 3, 0, 3, 0, 0, 0, 0, 0, 0, 0, 0, 0, 0, 0, 0, 0, 3, 0, 0, 0, 0, 0, 0, 0, 0, 0, 0, 0, 0, 0, 0, 0, 0, 0, 0, 0, 0, 3, 1, 0),
(789, 2, 3, 0, 16, 75, 0, 10, 0, 10, 0, 0, 0, 0, 0, 0, 0, 0, 0, 0, 0, 0, 0, 10, 0, 0, 0, 0, 0, 0, 0, 0, 0, 0, 0, 0, 0, 0, 0, 0, 0, 0, 0, 0, 10, 1, 0),
(790, 2, 3, 0, 16, 75, 6, 9, 5, 9, 1, 0, 0, 0, 0, 0, 0, 0, 0, 0, 0, 0, 6, 9, 0, 0, 0, 0, 0, 0, 0, 0, 0, 0, 0, 0, 0, 0, 0, 0, 0, 0, 0, 0, 15, 1, 0),
(791, 2, 3, 0, 16, 75, 9, 6, 9, 6, 0, 0, 0, 0, 0, 0, 0, 0, 0, 0, 0, 0, 9, 6, 0, 0, 0, 0, 0, 0, 0, 0, 0, 0, 0, 0, 0, 0, 0, 0, 0, 0, 0, 0, 15, 1, 0),
(792, 2, 3, 0, 16, 75, 6, 8, 6, 8, 0, 0, 0, 0, 0, 0, 0, 0, 0, 0, 0, 0, 6, 8, 0, 0, 0, 0, 0, 0, 0, 0, 0, 0, 0, 0, 0, 0, 0, 0, 0, 0, 0, 0, 14, 1, 0),
(793, 2, 3, 0, 16, 75, 8, 7, 7, 6, 1, 1, 0, 0, 0, 0, 0, 0, 0, 0, 0, 0, 8, 7, 0, 0, 0, 0, 0, 0, 0, 0, 0, 0, 0, 0, 0, 0, 0, 0, 0, 0, 0, 0, 15, 1, 0),
(794, 2, 3, 1, 22, 75, 1, 8, 1, 8, 0, 0, 0, 0, 0, 0, 0, 0, 0, 0, 0, 0, 1, 8, 0, 0, 0, 0, 0, 0, 0, 0, 0, 0, 0, 0, 0, 0, 0, 0, 0, 0, 0, 0, 9, 1, 0),
(795, 2, 3, 2, 22, 75, 6, 7, 6, 7, 0, 0, 0, 0, 0, 0, 0, 0, 0, 0, 0, 0, 6, 7, 0, 0, 0, 0, 0, 0, 0, 0, 0, 0, 0, 0, 0, 0, 0, 0, 0, 0, 0, 0, 13, 1, 0),
(796, 2, 3, 1, 22, 75, 5, 8, 4, 8, 1, 0, 0, 0, 0, 0, 0, 0, 0, 0, 0, 0, 5, 8, 0, 0, 0, 0, 0, 0, 0, 0, 0, 0, 0, 0, 0, 0, 0, 0, 0, 0, 0, 0, 13, 1, 0),
(797, 2, 3, 2, 20, 75, 6, 10, 6, 10, 0, 0, 0, 0, 0, 0, 0, 0, 0, 0, 0, 0, 6, 10, 0, 0, 0, 0, 0, 0, 0, 0, 0, 0, 0, 0, 0, 0, 0, 0, 0, 0, 0, 0, 16, 1, 0),
(798, 2, 3, 0, 20, 75, 1, 3, 6, 12, 2, 0, 0, 0, 0, 0, 0, 0, 0, 0, 0, 0, 1, 3, 0, 0, 0, 0, 0, 0, 0, 0, 0, 0, 0, 0, 0, 0, 0, 0, 0, 0, 0, 0, 4, 1, 0),
(799, 2, 3, 0, 3, 75, 7, 7, 5, 6, 2, 1, 0, 0, 0, 0, 0, 0, 0, 0, 0, 0, 7, 7, 0, 0, 0, 0, 0, 0, 0, 0, 0, 0, 0, 0, 0, 0, 0, 0, 0, 0, 0, 0, 14, 1, 0),
(800, 2, 3, 1, 3, 75, 4, 3, 3, 2, 1, 1, 0, 0, 0, 0, 0, 0, 0, 0, 0, 0, 4, 3, 0, 0, 0, 0, 0, 0, 0, 0, 0, 0, 0, 0, 0, 0, 0, 0, 0, 0, 0, 0, 7, 1, 0),
(801, 2, 3, 2, 3, 75, 6, 3, 5, 3, 1, 0, 0, 0, 0, 0, 0, 0, 0, 0, 0, 0, 6, 3, 0, 0, 0, 0, 0, 0, 0, 0, 0, 0, 0, 0, 0, 0, 0, 0, 0, 0, 0, 0, 9, 1, 0),
(802, 2, 3, 0, 3, 75, 3, 8, 3, 6, 0, 2, 0, 0, 0, 0, 0, 0, 0, 0, 0, 0, 3, 8, 0, 0, 0, 0, 0, 0, 0, 0, 0, 0, 0, 0, 0, 0, 0, 0, 0, 0, 0, 0, 11, 1, 0),
(803, 2, 3, 1, 3, 75, 2, 6, 2, 4, 0, 2, 0, 0, 0, 0, 0, 0, 0, 0, 0, 0, 2, 6, 0, 0, 0, 0, 0, 0, 0, 0, 0, 0, 0, 0, 0, 0, 0, 0, 0, 0, 0, 0, 8, 1, 0),
(804, 2, 3, 1, 3, 75, 3, 4, 3, 4, 0, 0, 0, 0, 0, 0, 0, 0, 0, 0, 0, 0, 3, 4, 0, 0, 0, 0, 0, 0, 0, 0, 0, 0, 0, 0, 0, 0, 0, 0, 0, 0, 0, 0, 7, 1, 0),
(805, 2, 1, 0, 3, 75, 84, 108, 78, 106, 6, 2, 0, 0, 0, 0, 0, 0, 0, 0, 0, 0, 84, 108, 0, 0, 0, 0, 0, 0, 0, 0, 0, 0, 0, 0, 0, 0, 0, 0, 0, 0, 0, 0, 192, 1, 0),
(806, 2, 1, 0, 3, 75, 122, 153, 113, 147, 9, 5, 0, 1, 0, 0, 0, 0, 0, 0, 0, 0, 122, 153, 0, 0, 0, 0, 0, 0, 0, 0, 0, 0, 0, 0, 0, 0, 0, 0, 0, 0, 0, 0, 275, 1, 0),
(807, 2, 1, 0, 3, 75, 110, 121, 105, 113, 6, 6, 1, 1, 0, 0, 0, 0, 0, 0, 0, 0, 110, 121, 0, 0, 0, 0, 0, 0, 0, 0, 0, 0, 0, 0, 0, 0, 0, 0, 0, 0, 0, 0, 231, 1, 0),
(808, 2, 1, 0, 3, 75, 128, 143, 115, 132, 11, 8, 1, 3, 0, 0, 0, 0, 0, 0, 0, 0, 127, 143, 1, 0, 0, 0, 0, 0, 0, 0, 0, 0, 0, 0, 0, 0, 0, 0, 0, 0, 0, 0, 271, 1, 0),
(809, 2, 1, 0, 9, 75, 98, 102, 92, 91, 6, 9, 1, 2, 0, 0, 0, 0, 0, 0, 0, 0, 98, 102, 0, 0, 0, 0, 0, 0, 0, 0, 0, 0, 0, 0, 0, 0, 0, 0, 0, 0, 0, 0, 200, 1, 0),
(810, 2, 1, 0, 9, 75, 107, 123, 94, 113, 13, 9, 0, 1, 0, 0, 0, 0, 0, 0, 0, 0, 106, 123, 1, 0, 0, 0, 0, 0, 0, 0, 0, 0, 0, 0, 0, 0, 0, 0, 0, 0, 1, 0, 230, 1, 0),
(811, 2, 1, 0, 9, 75, 95, 105, 83, 95, 12, 8, 0, 2, 0, 0, 0, 0, 0, 0, 0, 0, 95, 105, 0, 0, 0, 0, 0, 0, 0, 0, 0, 0, 0, 0, 0, 0, 0, 0, 0, 0, 0, 0, 200, 1, 0),
(812, 2, 1, 0, 9, 75, 113, 112, 106, 104, 7, 6, 0, 2, 0, 0, 0, 0, 0, 0, 0, 0, 112, 112, 1, 0, 0, 0, 0, 0, 0, 0, 0, 0, 0, 0, 0, 0, 0, 0, 0, 0, 1, 0, 225, 1, 0),
(813, 2, 1, 0, 9, 75, 95, 91, 87, 81, 10, 8, 0, 0, 0, 0, 0, 0, 0, 0, 0, 0, 94, 91, 1, 0, 0, 0, 0, 0, 0, 0, 0, 0, 0, 0, 0, 0, 0, 0, 0, 0, 0, 0, 186, 1, 0),
(814, 2, 1, 0, 9, 75, 117, 109, 109, 98, 8, 11, 0, 0, 0, 0, 0, 0, 0, 0, 0, 0, 116, 109, 1, 0, 0, 0, 0, 0, 0, 0, 0, 0, 0, 0, 0, 0, 0, 0, 0, 0, 0, 1, 226, 1, 0),
(815, 2, 1, 0, 9, 75, 91, 89, 81, 78, 11, 10, 0, 0, 0, 0, 0, 0, 0, 0, 0, 0, 91, 89, 0, 0, 0, 0, 0, 0, 0, 0, 0, 0, 0, 0, 0, 0, 0, 0, 0, 0, 1, 1, 180, 1, 0),
(816, 2, 1, 0, 9, 75, 110, 98, 97, 84, 12, 14, 1, 0, 0, 0, 0, 0, 0, 0, 0, 0, 110, 98, 0, 0, 0, 0, 0, 0, 0, 0, 0, 0, 0, 0, 0, 0, 0, 0, 0, 0, 0, 0, 208, 1, 0),
(817, 2, 1, 0, 18, 75, 91, 77, 76, 67, 12, 12, 1, 0, 0, 0, 0, 0, 0, 0, 0, 0, 91, 77, 0, 0, 0, 0, 0, 0, 0, 0, 0, 0, 0, 0, 0, 0, 0, 0, 0, 0, 1, 0, 168, 1, 0),
(818, 2, 1, 0, 18, 75, 110, 88, 94, 79, 14, 9, 1, 0, 0, 0, 0, 0, 0, 0, 0, 0, 109, 88, 0, 0, 0, 0, 0, 0, 0, 0, 0, 0, 0, 0, 1, 0, 0, 0, 0, 0, 1, 2, 198, 1, 0),
(819, 2, 1, 0, 18, 75, 169, 0, 164, 0, 4, 1, 0, 0, 0, 0, 0, 0, 0, 0, 0, 0, 169, 0, 0, 0, 0, 0, 0, 0, 0, 0, 0, 0, 0, 0, 0, 0, 0, 0, 0, 0, 0, 0, 169, 1, 0),
(820, 2, 1, 0, 17, 75, 100, 74, 88, 66, 10, 5, 1, 2, 0, 0, 0, 0, 0, 0, 1, 1, 100, 73, 0, 0, 0, 0, 0, 0, 0, 0, 0, 0, 0, 0, 0, 0, 0, 0, 0, 1, 1, 1, 174, 1, 0),
(821, 2, 1, 0, 17, 75, 76, 67, 63, 59, 11, 6, 2, 1, 0, 0, 0, 0, 0, 0, 0, 1, 76, 67, 0, 0, 0, 0, 0, 0, 0, 0, 0, 0, 0, 0, 0, 0, 0, 0, 0, 0, 0, 0, 143, 1, 0),
(822, 2, 1, 0, 17, 75, 90, 54, 85, 50, 4, 2, 1, 1, 0, 0, 0, 0, 0, 0, 0, 1, 90, 53, 0, 0, 0, 0, 0, 0, 0, 0, 0, 0, 0, 0, 0, 0, 0, 0, 0, 1, 0, 0, 144, 1, 0),
(823, 2, 3, 0, 97, 75, 11, 19, 10, 18, 0, 1, 1, 0, 0, 0, 0, 0, 0, 0, 0, 0, 11, 19, 0, 0, 0, 0, 0, 0, 0, 0, 0, 0, 0, 0, 0, 0, 0, 0, 0, 0, 0, 0, 30, 1, 0),
(824, 1, 1, 0, 4, 89, 21, 12, 33, 0, 0, 0, 0, 0, 0, 0, 0, 0, 0, 0, 0, 0, 33, 0, 0, 0, 0, 0, 0, 0, 0, 0, 0, 0, 0, 0, 0, 0, 0, 0, 0, 0, 0, 0, 33, 1, 0),
(825, 1, 3, 0, 0, 89, 13, 8, 21, 0, 0, 0, 0, 0, 0, 0, 0, 0, 0, 0, 0, 0, 21, 0, 0, 0, 0, 0, 0, 0, 0, 0, 0, 0, 0, 0, 0, 0, 0, 0, 0, 0, 0, 0, 21, 1, 0),
(826, 1, 3, 0, 0, 89, 20, 22, 42, 0, 0, 0, 0, 0, 0, 0, 0, 0, 0, 0, 0, 0, 42, 0, 0, 0, 0, 0, 0, 0, 0, 0, 0, 0, 0, 0, 0, 0, 0, 0, 0, 0, 0, 0, 42, 1, 0),
(827, 1, 1, 0, 0, 89, 49, 0, 49, 0, 0, 0, 0, 0, 0, 0, 0, 0, 0, 0, 0, 0, 47, 0, 1, 0, 0, 0, 0, 0, 0, 0, 0, 0, 0, 0, 0, 0, 0, 0, 1, 0, 0, 0, 49, 1, 0),
(828, 1, 1, 0, 6, 89, 48, 2, 49, 0, 0, 0, 0, 0, 0, 0, 0, 0, 0, 0, 1, 0, 48, 1, 0, 0, 0, 0, 0, 0, 0, 0, 0, 0, 0, 0, 0, 0, 0, 0, 0, 1, 0, 0, 50, 1, 0),
(829, 1, 1, 0, 6, 90, 19, 44, 57, 0, 0, 0, 2, 0, 0, 0, 0, 0, 0, 0, 0, 0, 63, 0, 0, 0, 0, 0, 0, 0, 0, 0, 0, 0, 0, 0, 0, 0, 0, 0, 0, 0, 0, 0, 63, 1, 0),
(830, 1, 3, 0, 6, 90, 15, 31, 42, 0, 2, 0, 2, 0, 0, 0, 0, 0, 0, 0, 0, 0, 46, 0, 0, 0, 0, 0, 0, 0, 0, 0, 0, 0, 0, 0, 0, 0, 0, 0, 0, 0, 0, 0, 46, 1, 0),
(831, 1, 3, 0, 6, 90, 10, 37, 46, 0, 0, 0, 1, 0, 0, 0, 0, 0, 0, 0, 0, 0, 47, 0, 0, 0, 0, 0, 0, 0, 0, 0, 0, 0, 0, 0, 0, 0, 0, 0, 0, 0, 0, 0, 47, 1, 0),
(832, 1, 3, 0, 1, 90, 8, 25, 19, 24, 1, 1, 0, 0, 0, 0, 0, 0, 0, 0, 0, 0, 8, 25, 0, 0, 0, 0, 0, 0, 0, 0, 0, 0, 0, 0, 0, 0, 0, 0, 0, 0, 0, 0, 33, 1, 0),
(833, 1, 1, 0, 1, 90, 81, 0, 75, 0, 2, 0, 4, 0, 0, 0, 0, 0, 0, 0, 0, 0, 81, 0, 0, 0, 0, 0, 0, 0, 0, 0, 0, 0, 0, 0, 0, 0, 0, 0, 0, 0, 0, 0, 81, 1, 0),
(834, 1, 1, 0, 1, 90, 89, 0, 81, 0, 5, 0, 3, 0, 0, 0, 0, 0, 0, 0, 0, 0, 89, 0, 0, 0, 0, 0, 0, 0, 0, 0, 0, 0, 0, 0, 0, 0, 0, 0, 0, 0, 0, 0, 89, 1, 0),
(835, 1, 1, 0, 1, 90, 17, 33, 16, 32, 1, 0, 0, 1, 0, 0, 0, 0, 0, 0, 0, 1, 17, 33, 0, 0, 0, 0, 0, 0, 0, 0, 0, 0, 0, 0, 0, 0, 0, 0, 0, 0, 0, 1, 50, 1, 0),
(836, 1, 1, 0, 1, 91, 2, 16, 18, 0, 0, 0, 0, 0, 0, 0, 0, 0, 0, 0, 0, 0, 18, 0, 0, 0, 0, 0, 0, 0, 0, 0, 0, 0, 0, 0, 0, 0, 0, 0, 0, 0, 0, 0, 18, 1, 0),
(837, 1, 3, 0, 103, 91, 8, 25, 33, 0, 0, 0, 0, 0, 0, 0, 0, 0, 0, 0, 0, 0, 33, 0, 0, 0, 0, 0, 0, 0, 0, 0, 0, 0, 0, 0, 0, 0, 0, 0, 0, 0, 0, 0, 33, 1, 0),
(838, 1, 3, 0, 103, 91, 5, 11, 16, 0, 0, 0, 0, 0, 0, 0, 0, 0, 0, 0, 0, 0, 16, 0, 0, 0, 0, 0, 0, 0, 0, 0, 0, 0, 0, 0, 0, 0, 0, 0, 0, 0, 0, 0, 16, 1, 0),
(839, 1, 3, 0, 103, 91, 2, 7, 16, 7, 0, 0, 0, 0, 0, 0, 0, 0, 0, 0, 0, 0, 2, 7, 0, 0, 0, 0, 0, 0, 0, 0, 0, 0, 0, 0, 0, 0, 0, 0, 0, 0, 0, 0, 9, 1, 0),
(840, 1, 1, 0, 103, 91, 53, 0, 52, 0, 0, 0, 0, 0, 0, 0, 0, 0, 0, 0, 0, 0, 51, 0, 1, 0, 0, 0, 0, 0, 0, 0, 0, 0, 0, 0, 0, 0, 0, 0, 1, 0, 0, 0, 53, 1, 0),
(841, 1, 1, 0, 103, 91, 25, 1, 26, 0, 0, 0, 0, 0, 0, 0, 0, 0, 0, 0, 0, 0, 25, 0, 0, 0, 0, 0, 0, 0, 0, 0, 0, 0, 0, 0, 0, 0, 0, 0, 0, 1, 0, 0, 26, 1, 0),
(842, 1, 1, 0, 103, 91, 12, 21, 11, 20, 0, 0, 1, 1, 0, 0, 0, 0, 0, 0, 0, 0, 12, 21, 0, 0, 0, 0, 0, 0, 0, 0, 0, 0, 0, 0, 0, 0, 0, 0, 0, 0, 0, 0, 33, 1, 0),
(843, 1, 1, 0, 103, 92, 11, 13, 23, 0, 1, 0, 0, 0, 0, 0, 0, 0, 0, 0, 0, 0, 24, 0, 0, 0, 0, 0, 0, 0, 0, 0, 0, 0, 0, 0, 0, 0, 0, 0, 0, 0, 0, 0, 24, 1, 0),
(844, 1, 1, 0, 103, 92, 25, 0, 25, 0, 0, 0, 0, 0, 0, 0, 0, 0, 0, 0, 0, 0, 25, 0, 0, 0, 0, 0, 0, 0, 0, 0, 0, 0, 0, 0, 0, 0, 0, 0, 0, 0, 0, 0, 25, 1, 0),
(845, 1, 1, 0, 103, 92, 25, 0, 25, 0, 0, 0, 0, 0, 0, 0, 0, 0, 0, 0, 0, 0, 25, 0, 0, 0, 0, 0, 0, 0, 0, 0, 0, 0, 0, 0, 0, 0, 0, 0, 0, 0, 0, 0, 25, 1, 0),
(846, 1, 3, 0, 11, 92, 15, 3, 18, 0, 0, 0, 0, 0, 0, 0, 0, 0, 0, 0, 0, 0, 18, 0, 0, 0, 0, 0, 0, 0, 0, 0, 0, 0, 0, 0, 0, 0, 0, 0, 0, 0, 0, 0, 18, 1, 0),
(847, 1, 3, 0, 11, 92, 6, 0, 6, 0, 0, 0, 0, 0, 0, 0, 0, 0, 0, 0, 0, 0, 6, 0, 0, 0, 0, 0, 0, 0, 0, 0, 0, 0, 0, 0, 0, 0, 0, 0, 0, 0, 0, 0, 6, 1, 0),
(848, 1, 3, 0, 11, 92, 4, 3, 17, 3, 0, 0, 1, 0, 0, 0, 0, 0, 0, 0, 0, 0, 4, 3, 0, 0, 0, 0, 0, 0, 0, 0, 0, 0, 0, 0, 0, 0, 0, 0, 0, 0, 0, 0, 7, 1, 0),
(849, 1, 1, 0, 2, 92, 10, 13, 9, 13, 1, 0, 0, 0, 0, 0, 0, 0, 0, 0, 0, 0, 10, 13, 0, 0, 0, 0, 0, 0, 0, 0, 0, 0, 0, 0, 0, 0, 0, 0, 0, 0, 0, 0, 23, 1, 0),
(850, 1, 1, 0, 2, 92, 18, 6, 21, 0, 2, 0, 1, 0, 0, 0, 0, 0, 0, 0, 0, 0, 23, 0, 0, 0, 0, 0, 0, 0, 0, 0, 0, 0, 0, 0, 0, 0, 0, 0, 0, 0, 1, 0, 24, 1, 0),
(851, 1, 1, 0, 2, 92, 18, 6, 21, 0, 2, 0, 1, 0, 0, 0, 0, 0, 0, 0, 0, 0, 23, 0, 1, 0, 0, 0, 0, 0, 0, 0, 0, 0, 0, 0, 0, 0, 0, 0, 0, 0, 0, 0, 24, 1, 0),
(852, 1, 3, 0, 15, 92, 5, 0, 5, 0, 1, 0, 0, 0, 0, 0, 0, 0, 0, 0, 0, 0, 5, 0, 0, 0, 0, 0, 0, 0, 0, 0, 0, 0, 0, 0, 0, 0, 0, 0, 0, 0, 0, 0, 5, 1, 0),
(853, 1, 3, 0, 105, 93, 13, 43, 54, 0, 2, 0, 0, 0, 0, 0, 0, 0, 0, 0, 0, 0, 55, 0, 1, 0, 0, 0, 0, 0, 0, 0, 0, 0, 0, 0, 0, 0, 0, 0, 0, 0, 0, 0, 56, 1, 0),
(854, 1, 3, 0, 105, 93, 2, 2, 4, 0, 0, 0, 0, 0, 0, 0, 0, 0, 0, 0, 0, 0, 4, 0, 0, 0, 0, 0, 0, 0, 0, 0, 0, 0, 0, 0, 0, 0, 0, 0, 0, 0, 0, 0, 4, 1, 0),
(855, 1, 1, 0, 105, 93, 56, 0, 55, 0, 1, 0, 0, 0, 0, 0, 0, 0, 0, 0, 0, 0, 55, 0, 1, 0, 0, 0, 0, 0, 0, 0, 0, 0, 0, 0, 0, 0, 0, 0, 0, 0, 0, 0, 56, 1, 0),
(856, 1, 1, 0, 105, 93, 73, 1, 72, 0, 2, 0, 0, 0, 0, 0, 0, 0, 0, 0, 0, 0, 73, 1, 0, 0, 0, 0, 0, 0, 0, 0, 0, 0, 0, 0, 0, 0, 0, 0, 0, 0, 1, 0, 74, 1, 0),
(857, 1, 1, 0, 105, 95, 7, 10, 14, 0, 3, 0, 0, 0, 0, 0, 0, 0, 0, 0, 0, 0, 17, 0, 0, 0, 0, 0, 0, 0, 0, 0, 0, 0, 0, 0, 0, 0, 0, 0, 0, 0, 0, 0, 17, 1, 0),
(858, 1, 3, 0, 105, 96, 22, 4, 26, 0, 0, 0, 0, 0, 0, 0, 0, 0, 0, 0, 0, 0, 26, 0, 0, 0, 0, 0, 0, 0, 0, 0, 0, 0, 0, 0, 0, 0, 0, 0, 0, 0, 0, 0, 26, 1, 0),
(859, 1, 3, 0, 105, 96, 6, 3, 9, 0, 0, 0, 0, 0, 0, 0, 0, 0, 0, 0, 0, 0, 9, 0, 0, 0, 0, 0, 0, 0, 0, 0, 0, 0, 0, 0, 0, 0, 0, 0, 0, 0, 0, 0, 9, 1, 0),
(860, 1, 1, 0, 105, 96, 18, 0, 18, 0, 0, 0, 0, 0, 0, 0, 0, 0, 0, 0, 0, 0, 18, 0, 0, 0, 0, 0, 0, 0, 0, 0, 0, 0, 0, 0, 0, 0, 0, 0, 0, 0, 0, 0, 18, 1, 0),
(861, 1, 1, 0, 105, 96, 18, 0, 18, 0, 0, 0, 0, 0, 0, 0, 0, 0, 0, 0, 0, 0, 18, 0, 0, 0, 0, 0, 0, 0, 0, 0, 0, 0, 0, 0, 0, 0, 0, 0, 0, 0, 0, 0, 18, 1, 0),
(862, 1, 3, 0, 16, 97, 1, 4, 14, 4, 0, 0, 0, 0, 0, 0, 0, 0, 0, 0, 0, 0, 1, 4, 0, 0, 0, 0, 0, 0, 0, 0, 0, 0, 0, 0, 0, 0, 0, 0, 0, 0, 0, 0, 5, 1, 0),
(863, 1, 3, 0, 16, 97, 5, 11, 14, 0, 2, 0, 0, 0, 0, 0, 0, 0, 0, 0, 0, 0, 16, 0, 0, 0, 0, 0, 0, 0, 0, 0, 0, 0, 0, 0, 0, 0, 0, 0, 0, 0, 0, 0, 16, 1, 0),
(864, 1, 1, 0, 16, 97, 5, 11, 14, 0, 2, 0, 0, 0, 0, 0, 0, 0, 0, 0, 0, 0, 16, 0, 0, 0, 0, 0, 0, 0, 0, 0, 0, 0, 0, 0, 0, 0, 0, 0, 0, 0, 0, 0, 16, 1, 0),
(865, 1, 1, 0, 22, 97, 2, 7, 9, 0, 0, 0, 0, 0, 0, 0, 0, 0, 0, 0, 0, 0, 9, 0, 0, 0, 0, 0, 0, 0, 0, 0, 0, 0, 0, 0, 0, 0, 0, 0, 0, 0, 0, 0, 9, 1, 0),
(866, 1, 1, 0, 20, 97, 5, 11, 14, 0, 2, 0, 0, 0, 0, 0, 0, 0, 0, 0, 0, 0, 16, 0, 0, 0, 0, 0, 0, 0, 0, 0, 0, 0, 0, 0, 0, 0, 0, 0, 0, 0, 0, 0, 16, 1, 0),
(867, 3, 1, 0, 20, 100, 18, 47, 17, 47, 1, 0, 0, 0, 0, 0, 0, 0, 0, 0, 0, 0, 18, 47, 0, 0, 0, 0, 0, 0, 0, 0, 0, 0, 0, 0, 0, 0, 0, 0, 0, 0, 1, 0, 65, 1, 0),
(868, 3, 1, 0, 20, 100, 49, 134, 41, 124, 6, 6, 2, 4, 0, 0, 0, 0, 0, 0, 0, 0, 49, 132, 0, 2, 0, 0, 0, 0, 0, 0, 0, 0, 0, 0, 0, 0, 0, 0, 0, 0, 1, 0, 183, 1, 0),
(869, 3, 1, 0, 20, 100, 65, 0, 64, 0, 1, 0, 0, 0, 0, 0, 0, 0, 0, 0, 0, 0, 65, 0, 0, 0, 0, 0, 0, 0, 0, 0, 0, 0, 0, 0, 0, 0, 0, 0, 0, 0, 0, 0, 65, 1, 0),
(870, 3, 1, 0, 110, 100, 52, 135, 6, 6, 6, 6, 2, 4, 0, 0, 0, 0, 0, 0, 0, 0, 52, 133, 0, 2, 0, 0, 0, 0, 0, 0, 0, 0, 0, 0, 0, 0, 0, 0, 0, 0, 1, 0, 187, 1, 0),
(871, 3, 1, 0, 110, 101, 16, 3, 15, 2, 1, 1, 0, 0, 0, 0, 0, 0, 0, 0, 0, 0, 15, 3, 0, 0, 0, 0, 0, 0, 0, 0, 0, 0, 0, 0, 0, 0, 0, 0, 1, 0, 0, 0, 19, 1, 0),
(872, 3, 1, 0, 110, 101, 26, 4, 28, 4, 2, 0, 0, 0, 0, 0, 0, 0, 0, 0, 0, 0, 25, 4, 0, 0, 0, 0, 0, 0, 0, 0, 0, 0, 0, 0, 0, 0, 0, 0, 1, 0, 1, 1, 30, 1, 0),
(873, 3, 1, 0, 110, 101, 18, 0, 17, 0, 2, 0, 0, 0, 0, 0, 0, 0, 0, 0, 0, 0, 18, 0, 0, 0, 0, 0, 0, 0, 0, 0, 0, 0, 0, 0, 0, 0, 0, 0, 1, 0, 0, 0, 18, 1, 0),
(874, 3, 1, 0, 110, 101, 26, 4, 24, 4, 2, 0, 0, 0, 0, 0, 0, 0, 0, 0, 0, 0, 25, 4, 0, 0, 0, 0, 0, 0, 0, 0, 0, 0, 0, 0, 0, 0, 0, 0, 1, 0, 0, 0, 30, 1, 0),
(875, 3, 1, 0, 110, 102, 22, 7, 20, 8, 1, 0, 1, 0, 0, 0, 0, 0, 0, 0, 0, 0, 22, 7, 0, 0, 0, 0, 0, 0, 0, 0, 0, 0, 0, 0, 0, 0, 0, 0, 0, 0, 0, 1, 29, 1, 0),
(876, 3, 1, 0, 10, 102, 22, 8, 20, 8, 1, 0, 1, 0, 0, 0, 0, 0, 0, 0, 0, 0, 22, 7, 0, 0, 0, 0, 0, 0, 0, 0, 0, 0, 0, 0, 0, 0, 0, 0, 0, 1, 0, 0, 30, 1, 0),
(877, 3, 1, 0, 10, 103, 10, 3, 9, 2, 2, 1, 0, 0, 0, 0, 0, 0, 0, 0, 0, 0, 10, 3, 0, 0, 0, 0, 0, 0, 0, 0, 0, 0, 0, 0, 0, 0, 0, 0, 0, 0, 0, 0, 13, 1, 0),
(878, 3, 1, 0, 10, 103, 10, 3, 9, 2, 1, 1, 0, 0, 0, 0, 0, 0, 0, 0, 0, 0, 10, 3, 0, 0, 0, 0, 0, 0, 0, 0, 0, 0, 0, 0, 0, 0, 0, 0, 0, 0, 0, 0, 13, 1, 0),
(879, 3, 1, 0, 10, 104, 4, 13, 3, 12, 1, 0, 0, 1, 0, 0, 0, 0, 0, 0, 0, 0, 4, 13, 0, 0, 0, 0, 0, 0, 0, 0, 0, 0, 0, 0, 0, 0, 0, 0, 0, 0, 0, 0, 17, 1, 0),
(880, 3, 1, 0, 10, 104, 2, 14, 1, 9, 1, 3, 0, 2, 0, 0, 0, 0, 0, 0, 0, 0, 2, 14, 0, 0, 0, 0, 0, 0, 0, 0, 0, 0, 0, 0, 0, 0, 0, 0, 0, 0, 0, 0, 16, 1, 0),
(881, 3, 1, 0, 10, 104, 17, 0, 15, 0, 1, 0, 1, 0, 0, 0, 0, 0, 0, 0, 0, 0, 17, 0, 0, 0, 0, 0, 0, 0, 0, 0, 0, 0, 0, 0, 0, 0, 0, 0, 0, 0, 0, 0, 17, 1, 0),
(882, 3, 1, 0, 10, 104, 4, 14, 2, 12, 1, 1, 0, 1, 0, 0, 0, 0, 0, 0, 0, 0, 3, 14, 0, 0, 0, 0, 0, 0, 0, 0, 0, 0, 0, 0, 0, 0, 0, 0, 1, 0, 0, 0, 18, 1, 0),
(883, 2, 3, 0, 10, 105, 1, 1, 1, 1, 0, 0, 0, 0, 0, 0, 0, 0, 0, 0, 0, 0, 1, 1, 0, 0, 0, 0, 0, 0, 0, 0, 0, 0, 0, 0, 0, 0, 0, 0, 0, 0, 0, 0, 2, 1, 0),
(884, 2, 3, 0, 10, 105, 1, 0, 1, 0, 0, 0, 0, 0, 0, 0, 0, 0, 0, 0, 0, 0, 1, 0, 0, 0, 0, 0, 0, 0, 0, 0, 0, 0, 0, 0, 0, 0, 0, 0, 0, 0, 0, 0, 1, 1, 0),
(885, 3, 1, 0, 10, 107, 2, 2, 2, 2, 0, 0, 0, 0, 0, 0, 0, 0, 0, 0, 0, 0, 2, 2, 0, 0, 0, 0, 0, 0, 0, 0, 0, 0, 0, 0, 0, 0, 0, 0, 0, 0, 0, 0, 4, 1, 0),
(886, 3, 1, 0, 10, 107, 3, 2, 2, 2, 0, 0, 1, 0, 0, 0, 0, 0, 0, 0, 0, 0, 3, 2, 0, 0, 0, 0, 0, 0, 0, 0, 0, 0, 0, 0, 0, 0, 0, 0, 0, 0, 0, 0, 5, 1, 0),
(887, 3, 1, 0, 10, 107, 5, 0, 4, 0, 1, 0, 0, 0, 0, 0, 0, 0, 0, 0, 0, 0, 5, 0, 0, 0, 0, 0, 0, 0, 0, 0, 0, 0, 0, 0, 0, 0, 0, 0, 0, 0, 0, 0, 5, 1, 0),
(888, 2, 1, 0, 10, 108, 20, 10, 20, 10, 0, 0, 0, 0, 0, 0, 0, 0, 0, 0, 0, 0, 20, 10, 0, 0, 0, 0, 0, 0, 0, 0, 0, 0, 0, 0, 0, 0, 0, 0, 0, 0, 0, 0, 30, 1, 0),
(889, 2, 3, 0, 10, 110, 2, 8, 2, 7, 0, 1, 0, 0, 0, 0, 0, 0, 0, 0, 0, 0, 2, 8, 0, 0, 0, 0, 0, 0, 0, 0, 0, 0, 0, 0, 0, 0, 0, 0, 0, 0, 0, 0, 10, 1, 0),
(890, 2, 3, 0, 10, 110, 3, 11, 3, 10, 0, 1, 0, 0, 0, 0, 0, 0, 0, 0, 0, 0, 3, 11, 0, 0, 0, 0, 0, 0, 0, 0, 0, 0, 0, 0, 0, 0, 0, 0, 0, 0, 0, 0, 14, 1, 0),
(891, 2, 3, 0, 10, 110, 4, 6, 4, 5, 0, 1, 0, 0, 0, 0, 0, 0, 0, 0, 0, 0, 4, 6, 0, 0, 0, 0, 0, 0, 0, 0, 0, 0, 0, 0, 0, 0, 0, 0, 0, 0, 0, 0, 10, 1, 0),
(892, 2, 3, 0, 10, 110, 4, 3, 4, 3, 0, 0, 0, 0, 0, 0, 0, 0, 0, 0, 0, 0, 4, 3, 0, 0, 0, 0, 0, 0, 0, 0, 0, 0, 0, 0, 0, 0, 0, 0, 0, 0, 0, 0, 7, 1, 0),
(893, 2, 3, 0, 10, 110, 2, 3, 2, 3, 0, 0, 0, 0, 0, 0, 0, 0, 0, 0, 0, 0, 2, 3, 0, 0, 0, 0, 0, 0, 0, 0, 0, 0, 0, 0, 0, 0, 0, 0, 0, 0, 0, 0, 5, 1, 0),
(894, 2, 3, 0, 10, 110, 5, 4, 5, 4, 0, 0, 0, 0, 0, 0, 0, 0, 0, 0, 0, 0, 5, 4, 0, 0, 0, 0, 0, 0, 0, 0, 0, 0, 0, 0, 0, 0, 0, 0, 0, 0, 0, 0, 9, 1, 0),
(895, 2, 3, 0, 10, 110, 3, 2, 3, 2, 0, 0, 0, 0, 0, 0, 0, 0, 0, 0, 0, 0, 3, 2, 0, 0, 0, 0, 0, 0, 0, 0, 0, 0, 0, 0, 0, 0, 0, 0, 0, 0, 0, 0, 5, 1, 0),
(896, 2, 1, 0, 10, 110, 16, 26, 16, 25, 0, 1, 0, 0, 0, 0, 0, 0, 0, 0, 0, 0, 16, 26, 0, 0, 0, 0, 0, 0, 0, 0, 0, 0, 0, 0, 0, 0, 0, 0, 0, 0, 0, 0, 42, 1, 0),
(897, 2, 3, 0, 10, 111, 3, 18, 3, 18, 0, 0, 0, 0, 0, 0, 0, 0, 0, 0, 0, 0, 3, 18, 0, 0, 0, 0, 0, 0, 0, 0, 0, 0, 0, 0, 0, 0, 0, 0, 0, 0, 0, 0, 21, 1, 0),
(898, 2, 3, 0, 10, 111, 6, 10, 6, 10, 0, 0, 0, 0, 0, 0, 0, 0, 0, 0, 0, 0, 6, 10, 0, 0, 0, 0, 0, 0, 0, 0, 0, 0, 0, 0, 0, 0, 0, 0, 0, 0, 0, 0, 16, 1, 0),
(899, 2, 3, 0, 10, 111, 1, 17, 1, 16, 0, 1, 0, 0, 0, 0, 0, 0, 0, 0, 0, 0, 1, 17, 0, 0, 0, 0, 0, 0, 0, 0, 0, 0, 0, 0, 0, 0, 0, 0, 0, 0, 0, 0, 18, 1, 0),
(900, 2, 3, 0, 10, 111, 6, 10, 6, 9, 0, 1, 0, 0, 0, 0, 0, 0, 0, 0, 0, 0, 6, 10, 0, 0, 0, 0, 0, 0, 0, 0, 0, 0, 0, 0, 0, 0, 0, 0, 0, 0, 0, 0, 16, 1, 0),
(902, 2, 3, 0, 10, 111, 0, 1, 0, 1, 0, 0, 0, 0, 0, 0, 0, 0, 0, 0, 0, 0, 0, 1, 0, 0, 0, 0, 0, 0, 0, 0, 0, 0, 0, 0, 0, 0, 0, 0, 0, 0, 0, 0, 1, 1, 0),
(903, 2, 3, 0, 10, 111, 2, 1, 2, 1, 0, 0, 0, 0, 0, 0, 0, 0, 0, 0, 0, 0, 2, 1, 0, 0, 0, 0, 0, 0, 0, 0, 0, 0, 0, 0, 0, 0, 0, 0, 0, 0, 0, 0, 3, 1, 0),
(904, 2, 1, 0, 10, 111, 11, 24, 11, 24, 0, 0, 0, 0, 0, 0, 0, 0, 0, 0, 0, 0, 11, 24, 0, 0, 0, 0, 0, 0, 0, 0, 0, 0, 0, 0, 0, 0, 0, 0, 0, 0, 0, 0, 35, 1, 0),
(905, 2, 3, 0, 10, 112, 0, 1, 0, 1, 0, 0, 0, 0, 0, 0, 0, 0, 0, 0, 0, 0, 0, 1, 0, 0, 0, 0, 0, 0, 0, 0, 0, 0, 0, 0, 0, 0, 0, 0, 0, 0, 0, 0, 1, 1, 0),
(906, 2, 3, 0, 10, 113, 2, 2, 2, 2, 0, 0, 0, 0, 0, 0, 0, 0, 0, 0, 0, 0, 2, 2, 0, 0, 0, 0, 0, 0, 0, 0, 0, 0, 0, 0, 0, 0, 0, 0, 0, 0, 0, 0, 4, 1, 0),
(907, 2, 3, 0, 10, 113, 1, 2, 1, 2, 0, 0, 0, 0, 0, 0, 0, 0, 0, 0, 0, 0, 1, 2, 0, 0, 0, 0, 0, 0, 0, 0, 0, 0, 0, 0, 0, 0, 0, 0, 0, 0, 0, 0, 3, 1, 0),
(908, 2, 3, 0, 10, 18, 2, 2, 2, 2, 0, 0, 0, 0, 0, 0, 0, 0, 0, 0, 0, 0, 2, 2, 0, 0, 0, 0, 0, 0, 0, 0, 0, 0, 0, 0, 0, 0, 0, 0, 0, 0, 0, 0, 4, 1, 0),
(909, 2, 3, 0, 10, 18, 0, 2, 0, 2, 0, 0, 0, 0, 0, 0, 0, 0, 0, 0, 0, 0, 0, 2, 0, 0, 0, 0, 0, 0, 0, 0, 0, 0, 0, 0, 0, 0, 0, 0, 0, 0, 0, 0, 2, 1, 0),
(910, 2, 3, 0, 10, 19, 1, 3, 1, 3, 0, 0, 0, 0, 0, 0, 0, 0, 0, 0, 0, 0, 1, 3, 0, 0, 0, 0, 0, 0, 0, 0, 0, 0, 0, 0, 0, 0, 0, 0, 0, 0, 0, 0, 4, 1, 0),
(911, 0, 0, 0, 10, 0, 0, 0, 0, 0, 0, 0, 0, 0, 0, 0, 0, 0, 0, 0, 0, 0, 0, 0, 0, 0, 0, 0, 0, 0, 0, 0, 0, 0, 0, 0, 0, 0, 0, 0, 0, 0, 0, 0, 0, 0, 0);

-- --------------------------------------------------------

--
-- Estructura de tabla para la tabla `tbl_estudiante`
--

CREATE TABLE `tbl_estudiante` (
  `EST_ID` int(11) NOT NULL,
  `EST_NOMBRE` varchar(50) NOT NULL,
  `EST_ESTADO` int(11) NOT NULL DEFAULT 1
) ENGINE=InnoDB DEFAULT CHARSET=utf8 COLLATE=utf8_general_ci;

--
-- Volcado de datos para la tabla `tbl_estudiante`
--

INSERT INTO `tbl_estudiante` (`EST_ID`, `EST_NOMBRE`, `EST_ESTADO`) VALUES
(1, 'Matriculado', 1),
(2, 'Egresado', 1),
(3, 'Graduado', 1);

-- --------------------------------------------------------

--
-- Estructura de tabla para la tabla `tbl_modalida_titulacion`
--

CREATE TABLE `tbl_modalida_titulacion` (
  `MODT_ID` int(11) NOT NULL,
  `MODT_NOMBRE` varchar(50) NOT NULL,
  `MODT_ESTADO` int(11) NOT NULL DEFAULT 1
) ENGINE=InnoDB DEFAULT CHARSET=utf8 COLLATE=utf8_general_ci;

--
-- Volcado de datos para la tabla `tbl_modalida_titulacion`
--

INSERT INTO `tbl_modalida_titulacion` (`MODT_ID`, `MODT_NOMBRE`, `MODT_ESTADO`) VALUES
(1, 'Trabajo de titulación', 1),
(2, 'Examen complexivo', 1),
(3, 'Trabajo de la unidad de integración \n curricular', 1);

-- --------------------------------------------------------

--
-- Estructura de tabla para la tabla `tbl_periodo`
--

CREATE TABLE `tbl_periodo` (
  `PER_ID` int(11) NOT NULL,
  `PER_ANO` varchar(20) NOT NULL,
  `PER_PERIODO` varchar(50) NOT NULL,
  `PER_ESTADO` int(11) NOT NULL DEFAULT 0
) ENGINE=InnoDB DEFAULT CHARSET=utf8 COLLATE=utf8_general_ci;

--
-- Volcado de datos para la tabla `tbl_periodo`
--

INSERT INTO `tbl_periodo` (`PER_ID`, `PER_ANO`, `PER_PERIODO`, `PER_ESTADO`) VALUES
(1, '2022', 'ABRIL 2022 - AGOSTO 2022', 0),
(2, '2015', 'OCTUBRE 2015 - FEBRERO 2016', 0),
(3, '2021', 'ABRIL 2021 - AGOSTO 2021', 0),
(4, '2017', 'ABRIL 2017 - AGOSTO 2017', 0),
(5, '2018', 'ABRIL 2018 - AGOSTO 2018', 0),
(6, '2019', 'ABRIL 2019 - AGOSTO 2019', 0),
(9, '2021', 'Septiembre 2021 - ENERO 2022', 0),
(10, '2022', 'OCTUBRE 2022 - FEBRERO 2023', 0),
(11, '2014', 'OCTUBRE 2014 - FEBRERO 2015', 0),
(14, '2013', 'MARZO 2013 - JULIO 2013', 0),
(15, '2016', 'OCTUBRE 2016 - FEBRERO 2017', 0),
(16, '2013', 'SEPTIEMBRE 2013 - ENERO 2014', 0),
(17, '2015', 'ABRIL 2015 - AGOSTO 2015', 0),
(18, '2014', 'ABRIL 2014 - AGOSTO 2014', 0),
(20, '2018', 'SEPTIEMBRE 2018 - ENERO 2019', 0),
(21, '2019', 'SEPTIEMBRE 2019 - ENERO 2020', 0),
(22, '2017', 'SEPTIEMBRE 2017 - ENERO 2018', 0),
(23, '2020', 'SEPTIEMBRE 2020 - ENERO 2021', 0),
(25, '2020', 'MAYO 2020 - AGOSTO 2020', 0),
(26, '1976', 'OCTUBRE 1976  - ENERO 1977', 0),
(27, '1977', 'MARZO 1977 - JUNIO 1977', 0),
(28, '1977', 'OCTUBRE 1977 - ENERO 1978', 0),
(29, '1978', 'OCTUBRE 1978 - FEBRERO 1979', 0),
(30, '1979', 'MARZO 1979 - JULIO 1979', 0),
(31, '1979', 'OCTUBRE 1979 - FEBRERO 1980', 0),
(32, '1980', 'MARZO 1980 - JULIO 1980', 0),
(33, '1980', 'SEPTIEMBRE 1980 - ENERO 1981', 0),
(34, '1981', 'MARZO 1981 - JULIO 1981', 0),
(35, '1981', 'SEPTIEMBRE 1981 - ENERO 1982', 0),
(36, '1982', 'MARZO 1982 - JULIO 1982', 0),
(37, '1982', 'OCTUBRE 1982 - FEBRERO 1983', 0),
(38, '1983', 'MARZO 1983 - JULIO 1983', 0),
(39, '1983', 'SEPTIEMBRE 1983 - ENERO 1984', 0),
(40, '1984', 'MARZO 1984 - JUNIO 1984', 0),
(41, '1984', 'SEPTIEMBRE 1984 - ENERO 1985', 0),
(42, '1985', 'MARZO 1985 - JULIO 1985', 0),
(43, '1985', 'OCTUBRE 1985 - FEBRERO 1986', 0),
(44, '1986', 'MARZO 1986 - JUNIO 1986', 0),
(45, '1986', 'SEPTIEMBRE 1986 - ENERO 1987', 0),
(46, '1987', 'MARZO 1987 - JULIO 1987', 0),
(47, '1987', 'SEPTIEMBRE 1987 - FEBRERO 1988', 0),
(48, '1988', 'MARZO 1988 - JULIO 1988', 0),
(49, '1988', 'OCTUBRE 1988 - FEBRERO 1989', 0),
(50, '1989', 'MARZO 1989 - JULIO 1989', 0),
(51, '1989', 'SEPTIEMBRE 1989 - ENERO 1990', 0),
(52, '1990', 'FEBRERO 1990 - JULIO 1990', 0),
(53, '1990', 'SEPTIEMBRE 1990 - ENERO 1991', 0),
(54, '1991', 'FEBRERO 1991 - JUNIO 1991', 0),
(55, '1991', 'SEPTIEMBRE 1991 - FEBRERO 1992', 0),
(56, '1992', 'MARZO 1992 - JULIO 1992', 0),
(57, '1992', 'SEPTIEMBRE 1992 - FEBRERO 1993', 0),
(58, '1993', 'FEBRERO 1993 - JULIO 1993', 0),
(59, '1993', 'SEPTEIMBRE 1993 - FEBRERO 1994', 0),
(60, '1994', 'MARZO 1994 - JULIO 1994', 0),
(61, '1994', 'OCTUBRE 1994 - FEBRERO 1995', 0),
(62, '1995', 'MARZO 1995 - JULIO 1995', 0),
(63, '1995', 'OCTUBRE 1995 - FEBRERO 1996', 0),
(64, '1996', 'MARZO 1996 - JULIO 1996', 0),
(65, '1996', 'SEPTIEMBRE 1996 - FEBRERO 1997', 0),
(66, '1997', 'MARZO 1997 - JULIO 1997', 0),
(67, '1997', 'SEPTIEMBRE 1997 - FEBRERO 1998', 0),
(68, '1998', 'MARZO 1998 - JULIO 1998', 0),
(69, '1998', 'SEPTIEMBRE 1998 - FEBRERO 1999', 0),
(70, '1999', 'MARZO 1999 - AGOSTO 1999', 0),
(71, '1999', 'SEPTIEMBRE 1999 - FEBRERO 2000', 0),
(72, '2000', 'MARZO 2000 - AGOSTO 2000', 0),
(73, '2000', 'SEPTIEMBRE 2000 - FEBRERO 2001', 0),
(74, '2001', 'MARZO 2001 - AGOSTO 2001', 0),
(75, '2001', 'SEPTIEMBRE 2001 - FEBRERO 2002', 0),
(76, '2002', 'MARZO 2002 - JULIO 2002', 0),
(77, '2002', 'SEPTIEMBRE 2002 - FEBRERO 2003 ', 0),
(78, '2003', 'MARZO 2003 - JULIO 2003', 0),
(79, '2003', 'SEPTIEMBRE 2003 - FEBRERO 2004', 0),
(80, '2004', 'MARZO 2004 - JULIO 2004', 0),
(81, '2004', 'SEPTIEMBRE 2004 - FEBRERO 2005', 0),
(82, '2005', 'MARZO 2005 - JULIO 2005', 0),
(83, '2005', 'SEPTIEMBRE 2005 - FEBRERO 2006', 0),
(84, '2006', 'MARZO 2006 - JULIO 2006', 0),
(85, '2006', 'SEPTIEMBRE 2006 - FEBRERO 2007', 0),
(86, '2007', 'MARZO 2007 - JULIO 2007', 0),
(87, '2007', 'SEPTIEMBRE 2007 - FEBRERO 2008', 0),
(88, '2008', 'MARZO 2008 - JULIO 2008', 0),
(89, '2009', 'MARZO 2009 - JUNIO 2009', 0),
(90, '2009', 'AGOSTO 2009 - ENERO 2010', 0),
(91, '2010', 'FEBRERO 2010 - JUNIO 2010', 0),
(92, '2010', 'AGOSTO 2010 - DICIEMBRE 2010', 0),
(93, '2011', 'FEBRERO 2011 - JUNIO 2011', 0),
(94, '2011', 'SEPTEIMBRE 2011 - ENERO 2012', 0),
(95, '2012', 'MARZO 2012 - JULIO 2012', 0),
(96, '2023', 'MAYO 2023 - AGOSTO 2023', 0),
(97, '2016', 'ABRIL 2016 - AGOSTO 2016', 0),
(99, '2012', 'SEPTIEMBRE 2012 - ENERO 2013', 0),
(100, '2008', 'SEPTIEMBRE 2008 - ENERO 2009', 0),
(101, '2021', 'ABRIL-AGOSTO 2021', 0),
(102, '2020', 'ABRIL-AGOSTO2020', 0),
(103, '2020', 'ENERO-AGOSTO 2020', 0),
(104, '2019', 'OCTUBRE 2019 - FEBRERO 2020', 0),
(105, '2020', 'AGOSTO 2020 - FEBRERO 2021', 0),
(106, '2018', 'OCTUBRE 2018 - ENERO 2019', 0),
(107, '2017', 'ABRIL 2017 - AGOSTO 2019', 0);

-- --------------------------------------------------------

--
-- Estructura de tabla para la tabla `tbl_rol`
--

CREATE TABLE `tbl_rol` (
  `ROL_ID` int(11) NOT NULL,
  `ROL_NOBRE` varchar(25) NOT NULL,
  `ROL_EDITAR` int(11) NOT NULL DEFAULT 1
) ENGINE=MyISAM DEFAULT CHARSET=utf8 COLLATE=utf8_general_ci;

--
-- Volcado de datos para la tabla `tbl_rol`
--

INSERT INTO `tbl_rol` (`ROL_ID`, `ROL_NOBRE`, `ROL_EDITAR`) VALUES
(1, 'Admin', 1),
(2, 'Usuario', 2),
(3, 'ACD_VER', 3),
(4, 'ACD_EDIT', 4),
(5, 'ACE_VER', 5),
(6, 'ACE_EDIT', 6),
(7, 'MAG_VER', 7),
(8, 'MAG_EDIT', 8),
(9, 'SECRETARIA_EDITAR', 10),
(10, 'SECRETARIA_VER', 9),
(11, 'Secretaría General', 1),
(12, 'EDIT_MAG_VER_ACE', 11),
(13, 'Titulacion', 13),
(14, 'Rector', 9);

-- --------------------------------------------------------

--
-- Estructura de tabla para la tabla `tbl_rol_ruta`
--

CREATE TABLE `tbl_rol_ruta` (
  `ROLR_ID` int(11) NOT NULL,
  `ROL_ID` int(11) NOT NULL,
  `RUT_ID` int(11) NOT NULL,
  `ROLR_ELIMINADO` int(11) NOT NULL DEFAULT 0
) ENGINE=MyISAM DEFAULT CHARSET=utf8 COLLATE=utf8_general_ci;

--
-- Volcado de datos para la tabla `tbl_rol_ruta`
--

INSERT INTO `tbl_rol_ruta` (`ROLR_ID`, `ROL_ID`, `RUT_ID`, `ROLR_ELIMINADO`) VALUES
(1, 1, 1, 0),
(2, 2, 2, 0),
(3, 1, 3, 0),
(4, 1, 4, 0),
(5, 3, 1, 0),
(6, 4, 1, 0),
(7, 5, 3, 0),
(8, 6, 3, 0),
(9, 7, 4, 0),
(10, 8, 4, 0),
(11, 1, 5, 0),
(12, 1, 6, 0),
(13, 1, 7, 0),
(14, 1, 8, 0),
(15, 9, 4, 0),
(16, 10, 4, 0),
(17, 11, 1, 0),
(18, 11, 3, 0),
(19, 11, 4, 0),
(20, 12, 4, 0),
(21, 12, 3, 0),
(22, 13, 9, 0),
(23, 11, 9, 0),
(25, 12, 9, 0),
(26, 11, 10, 0),
(27, 11, 11, 0),
(28, 14, 1, 0),
(29, 14, 3, 0),
(30, 14, 4, 0),
(31, 14, 9, 0),
(32, 14, 10, 0),
(33, 14, 11, 0);

-- --------------------------------------------------------

--
-- Estructura de tabla para la tabla `tbl_rol_usuario`
--

CREATE TABLE `tbl_rol_usuario` (
  `ROLU_ID` int(11) NOT NULL,
  `ROL_ID` int(11) NOT NULL,
  `USU_ID` int(11) NOT NULL,
  `ROLU_ESTADO` int(11) NOT NULL DEFAULT 0
) ENGINE=MyISAM DEFAULT CHARSET=utf8 COLLATE=utf8_general_ci;

--
-- Volcado de datos para la tabla `tbl_rol_usuario`
--

INSERT INTO `tbl_rol_usuario` (`ROLU_ID`, `ROL_ID`, `USU_ID`, `ROLU_ESTADO`) VALUES
(1, 1, 1, 0),
(2, 2, 2, 0),
(3, 3, 3, 0),
(4, 4, 4, 0),
(5, 5, 5, 0),
(6, 6, 6, 0),
(7, 7, 8, 0),
(8, 8, 9, 0),
(9, 11, 10, 0),
(13, 9, 15, 0),
(12, 10, 14, 0),
(14, 11, 16, 0),
(15, 11, 17, 0),
(16, 12, 18, 0),
(19, 12, 20, 0),
(18, 12, 19, 0),
(20, 12, 21, 0),
(21, 12, 22, 0),
(22, 12, 23, 0),
(23, 12, 24, 0),
(24, 12, 25, 0),
(25, 9, 26, 0),
(26, 12, 27, 0),
(27, 12, 28, 0),
(35, 13, 36, 0),
(29, 12, 30, 0),
(30, 9, 31, 0),
(31, 12, 32, 0),
(32, 9, 33, 0),
(33, 9, 34, 0),
(34, 12, 35, 0),
(36, 13, 38, 0),
(37, 13, 39, 0),
(38, 13, 40, 0),
(39, 13, 41, 0),
(40, 13, 42, 0),
(41, 13, 43, 0),
(42, 13, 44, 0),
(43, 13, 45, 0),
(44, 13, 46, 0),
(45, 13, 47, 0),
(46, 13, 49, 0),
(47, 12, 50, 0),
(48, 12, 51, 0),
(49, 11, 52, 0),
(50, 11, 53, 0),
(51, 12, 54, 0),
(52, 7, 55, 0),
(53, 7, 56, 0),
(54, 7, 57, 0),
(55, 7, 58, 0),
(63, 12, 64, 0),
(62, 12, 63, 0),
(60, 13, 61, 0),
(61, 7, 62, 0),
(64, 12, 65, 0),
(65, 7, 66, 0),
(66, 13, 67, 0),
(67, 13, 68, 0),
(68, 13, 69, 0),
(69, 13, 70, 0),
(70, 13, 71, 0),
(71, 13, 72, 0),
(72, 13, 73, 0);

-- --------------------------------------------------------

--
-- Estructura de tabla para la tabla `tbl_rutas`
--

CREATE TABLE `tbl_rutas` (
  `RUT_ID` int(11) NOT NULL,
  `RUT_NOMBRE` varchar(50) NOT NULL,
  `RUT_RUTA` varchar(50) NOT NULL,
  `RUT_PADRE` int(11) NOT NULL DEFAULT 0
) ENGINE=MyISAM DEFAULT CHARSET=utf8 COLLATE=utf8_general_ci;

--
-- Volcado de datos para la tabla `tbl_rutas`
--

INSERT INTO `tbl_rutas` (`RUT_ID`, `RUT_NOMBRE`, `RUT_RUTA`, `RUT_PADRE`) VALUES
(1, 'Actas de Consejo Directivo', '/index.php/home/index1', 0),
(2, 'para el usuario', '/index.php/home/vistausuario', 0),
(3, 'Actas de Consejo de Escuela', '/index.php/home/index2', 0),
(4, 'Matriz Graduados', '/index.php/home/index3', 0),
(5, 'Categorias', '/index.php/home/index4', 0),
(6, 'Tipos de Gastos', '/index.php/home/index5', 0),
(7, 'Inversionistas', '/index.php/home/index6', 0),
(8, 'Permisos Secretaria', '/index.php/home/index7', 0),
(9, 'Titulación', '/index.php/home/titulacion', 0),
(10, 'Graduados', '/index.php/home/reportes', 11),
(11, 'Estadísticas', '', 11);

-- --------------------------------------------------------

--
-- Estructura de tabla para la tabla `tbl_secretaria_carrera_rol`
--

CREATE TABLE `tbl_secretaria_carrera_rol` (
  `SECARO_ID` int(11) NOT NULL,
  `USU_ID` int(11) NOT NULL,
  `CAR_ID` int(11) NOT NULL,
  `SECARO_TITU` int(11) NOT NULL DEFAULT 0
) ENGINE=MyISAM DEFAULT CHARSET=utf8 COLLATE=utf8_general_ci;

--
-- Volcado de datos para la tabla `tbl_secretaria_carrera_rol`
--

INSERT INTO `tbl_secretaria_carrera_rol` (`SECARO_ID`, `USU_ID`, `CAR_ID`, `SECARO_TITU`) VALUES
(1011, 61, 68, 1),
(1009, 61, 10, 1),
(1010, 61, 48, 1),
(4, 15, 4, 0),
(5, 15, 3, 0),
(6, 15, 2, 0),
(7, 18, 4, 1),
(8, 18, 13, 0),
(9, 18, 1, 0),
(10, 20, 9, 0),
(11, 20, 21, 0),
(12, 20, 22, 0),
(13, 20, 40, 0),
(14, 20, 41, 0),
(15, 20, 5, 0),
(16, 20, 46, 0),
(17, 21, 56, 1),
(18, 21, 62, 1),
(19, 22, 48, 1),
(20, 22, 68, 1),
(21, 23, 17, 1),
(22, 23, 18, 1),
(23, 23, 19, 1),
(24, 23, 65, 0),
(25, 23, 66, 0),
(26, 24, 61, 1),
(27, 24, 72, 1),
(28, 21, 7, 1),
(29, 21, 8, 1),
(30, 22, 10, 1),
(31, 23, 8, 1),
(32, 24, 8, 1),
(33, 24, 12, 1),
(34, 25, 8, 1),
(35, 25, 5, 1),
(36, 25, 55, 1),
(37, 25, 73, 1),
(38, 25, 60, 1),
(39, 25, 59, 1),
(40, 25, 11, 1),
(41, 19, 12, 1),
(42, 19, 20, 1),
(43, 19, 58, 1),
(44, 24, 57, 1),
(45, 24, 11, 1),
(216, 16, 46, 1),
(149, 38, 58, 1),
(143, 37, 37, 1),
(204, 49, 4, 1),
(215, 16, 5, 1),
(206, 23, 75, 0),
(135, 36, 61, 1),
(186, 44, 7, 1),
(185, 36, 50, 1),
(148, 38, 20, 1),
(147, 38, 12, 1),
(146, 37, 11, 1),
(145, 37, 12, 1),
(144, 37, 36, 1),
(142, 37, 61, 1),
(218, 16, 12, 1),
(217, 16, 69, 1),
(63, 26, 10, 0),
(64, 26, 11, 0),
(65, 26, 50, 0),
(66, 26, 68, 0),
(67, 26, 48, 0),
(68, 26, 36, 0),
(69, 26, 37, 0),
(70, 26, 54, 0),
(71, 20, 69, 0),
(72, 21, 63, 1),
(73, 27, 6, 1),
(74, 27, 70, 0),
(75, 27, 71, 0),
(76, 27, 38, 1),
(77, 27, 39, 0),
(78, 27, 24, 1),
(79, 27, 23, 1),
(80, 28, 9, 1),
(81, 28, 40, 1),
(132, 36, 12, 1),
(131, 36, 11, 1),
(130, 28, 22, 1),
(129, 28, 21, 1),
(128, 28, 41, 0),
(87, 30, 7, 1),
(88, 30, 15, 1),
(89, 30, 16, 1),
(90, 30, 14, 1),
(91, 30, 49, 1),
(92, 30, 67, 1),
(93, 32, 5, 1),
(94, 32, 46, 1),
(95, 32, 69, 1),
(96, 32, 11, 0),
(97, 32, 34, 0),
(98, 32, 35, 0),
(99, 32, 25, 0),
(100, 32, 47, 0),
(101, 32, 64, 0),
(102, 32, 50, 0),
(103, 32, 51, 0),
(104, 32, 53, 0),
(105, 33, 5, 0),
(106, 33, 50, 0),
(107, 33, 11, 0),
(108, 33, 46, 0),
(109, 33, 69, 0),
(110, 33, 47, 0),
(111, 33, 25, 0),
(112, 33, 64, 0),
(113, 33, 53, 0),
(114, 33, 51, 0),
(115, 34, 10, 0),
(116, 34, 48, 0),
(117, 34, 68, 0),
(118, 35, 5, 0),
(119, 35, 50, 0),
(120, 35, 11, 0),
(121, 35, 46, 0),
(122, 35, 69, 0),
(123, 35, 47, 0),
(124, 35, 25, 0),
(125, 35, 64, 0),
(126, 35, 53, 0),
(127, 35, 51, 0),
(150, 39, 75, 1),
(211, 17, 8, 1),
(152, 39, 8, 1),
(153, 40, 8, 1),
(154, 40, 65, 1),
(155, 37, 61, 1),
(156, 37, 37, 1),
(157, 37, 36, 1),
(158, 37, 12, 1),
(159, 37, 11, 1),
(170, 16, 65, 1),
(171, 16, 66, 1),
(172, 16, 75, 1),
(163, 41, 8, 1),
(164, 41, 66, 1),
(169, 16, 8, 1),
(173, 42, 4, 1),
(174, 43, 5, 1),
(177, 36, 7, 1),
(176, 43, 69, 1),
(189, 44, 49, 1),
(188, 44, 67, 1),
(180, 36, 60, 1),
(181, 36, 57, 1),
(187, 44, 16, 0),
(183, 36, 62, 1),
(184, 36, 63, 1),
(190, 44, 14, 0),
(191, 44, 15, 1),
(192, 46, 8, 1),
(193, 46, 55, 1),
(194, 46, 56, 1),
(195, 46, 72, 1),
(196, 46, 73, 1),
(197, 47, 9, 1),
(198, 47, 40, 1),
(199, 47, 21, 1),
(200, 47, 22, 1),
(201, 28, 12, 1),
(202, 28, 58, 1),
(203, 28, 20, 1),
(212, 17, 75, 1),
(213, 17, 65, 1),
(214, 17, 66, 1),
(219, 16, 20, 1),
(220, 16, 58, 1),
(221, 16, 4, 1),
(222, 17, 4, 1),
(223, 17, 12, 1),
(224, 17, 46, 1),
(225, 17, 5, 1),
(226, 17, 69, 1),
(227, 17, 20, 1),
(228, 17, 58, 1),
(229, 45, 6, 1),
(230, 45, 71, 1),
(231, 45, 70, 1),
(232, 16, 9, 1),
(233, 16, 22, 1),
(234, 16, 40, 1),
(235, 16, 41, 1),
(236, 17, 9, 1),
(266, 17, 21, 1),
(238, 17, 40, 1),
(239, 17, 41, 1),
(240, 16, 21, 1),
(241, 17, 22, 1),
(242, 51, 5, 1),
(243, 51, 46, 1),
(244, 51, 69, 1),
(245, 51, 11, 0),
(246, 51, 34, 0),
(247, 51, 35, 0),
(248, 51, 25, 0),
(249, 51, 47, 0),
(250, 51, 64, 0),
(251, 51, 50, 0),
(252, 51, 51, 0),
(253, 51, 53, 0),
(254, 16, 6, 1),
(255, 16, 23, 1),
(256, 16, 24, 1),
(257, 16, 38, 1),
(258, 16, 70, 1),
(259, 16, 71, 1),
(260, 17, 6, 1),
(261, 17, 23, 1),
(262, 17, 24, 1),
(263, 17, 38, 1),
(264, 17, 70, 1),
(265, 17, 71, 1),
(267, 52, 8, 1),
(268, 52, 65, 1),
(269, 52, 66, 1),
(270, 52, 75, 1),
(271, 52, 5, 1),
(272, 52, 46, 1),
(273, 52, 69, 1),
(274, 52, 12, 1),
(275, 52, 20, 1),
(276, 52, 58, 1),
(277, 52, 4, 1),
(278, 52, 9, 1),
(279, 52, 22, 1),
(280, 52, 40, 1),
(281, 52, 41, 1),
(282, 52, 21, 1),
(283, 52, 6, 1),
(284, 52, 23, 1),
(285, 52, 24, 1),
(286, 52, 38, 1),
(287, 52, 70, 1),
(288, 52, 71, 1),
(289, 53, 8, 1),
(290, 53, 65, 1),
(291, 53, 66, 1),
(292, 53, 75, 1),
(293, 53, 5, 1),
(294, 53, 46, 1),
(295, 53, 69, 1),
(296, 53, 12, 1),
(297, 53, 20, 1),
(298, 53, 58, 1),
(299, 53, 4, 1),
(300, 53, 9, 1),
(301, 53, 22, 1),
(302, 53, 40, 1),
(303, 53, 41, 1),
(304, 53, 21, 1),
(305, 53, 6, 1),
(306, 53, 23, 1),
(307, 53, 24, 1),
(308, 53, 38, 1),
(309, 53, 70, 1),
(310, 53, 71, 1),
(311, 27, 78, 0),
(312, 27, 79, 0),
(313, 27, 80, 0),
(314, 27, 81, 0),
(315, 16, 78, 1),
(316, 16, 79, 1),
(317, 16, 80, 1),
(318, 16, 81, 1),
(319, 17, 78, 1),
(320, 17, 79, 1),
(321, 17, 80, 1),
(322, 17, 81, 1),
(323, 30, 82, 0),
(324, 54, 10, 0),
(325, 54, 48, 0),
(326, 54, 68, 0),
(332, 55, 6, 0),
(331, 55, 5, 0),
(330, 55, 4, 0),
(333, 55, 7, 0),
(334, 55, 8, 0),
(335, 55, 9, 0),
(336, 55, 10, 0),
(337, 55, 11, 0),
(338, 55, 12, 0),
(339, 55, 13, 0),
(340, 55, 14, 0),
(341, 55, 15, 0),
(342, 55, 16, 0),
(343, 55, 17, 0),
(344, 55, 18, 0),
(345, 55, 19, 0),
(346, 55, 20, 0),
(347, 55, 21, 0),
(348, 55, 22, 0),
(349, 55, 23, 0),
(350, 55, 24, 0),
(351, 55, 25, 0),
(352, 55, 26, 0),
(353, 55, 27, 0),
(354, 55, 28, 0),
(355, 55, 29, 0),
(356, 55, 30, 0),
(357, 55, 31, 0),
(358, 55, 32, 0),
(359, 55, 33, 0),
(360, 55, 34, 0),
(361, 55, 35, 0),
(362, 55, 36, 0),
(363, 55, 37, 0),
(364, 55, 38, 0),
(365, 55, 39, 0),
(366, 55, 40, 0),
(367, 55, 41, 0),
(368, 55, 42, 0),
(369, 55, 43, 0),
(370, 55, 44, 0),
(371, 55, 45, 0),
(372, 55, 46, 0),
(373, 55, 47, 0),
(374, 55, 48, 0),
(375, 55, 49, 0),
(376, 55, 50, 0),
(377, 55, 1, 0),
(378, 55, 51, 0),
(379, 55, 57, 0),
(380, 55, 53, 0),
(381, 55, 54, 0),
(382, 55, 55, 0),
(383, 55, 56, 0),
(384, 55, 58, 0),
(385, 55, 59, 0),
(386, 55, 60, 0),
(387, 55, 61, 0),
(388, 55, 62, 0),
(389, 55, 63, 0),
(390, 55, 64, 0),
(391, 55, 65, 0),
(392, 55, 66, 0),
(393, 55, 67, 0),
(394, 55, 68, 0),
(395, 55, 69, 0),
(396, 55, 70, 0),
(397, 55, 71, 0),
(398, 55, 72, 0),
(399, 55, 73, 0),
(400, 55, 74, 0),
(401, 55, 75, 0),
(402, 55, 78, 0),
(403, 55, 79, 0),
(404, 55, 80, 0),
(405, 56, 4, 0),
(406, 56, 5, 0),
(407, 56, 6, 0),
(408, 56, 7, 0),
(409, 56, 8, 0),
(410, 56, 9, 0),
(411, 56, 10, 0),
(412, 56, 11, 0),
(413, 56, 12, 0),
(414, 56, 13, 0),
(415, 56, 14, 0),
(416, 56, 15, 0),
(417, 56, 16, 0),
(418, 56, 17, 0),
(419, 56, 18, 0),
(420, 56, 19, 0),
(421, 56, 20, 0),
(422, 56, 21, 0),
(423, 56, 22, 0),
(424, 56, 23, 0),
(425, 56, 24, 0),
(426, 56, 25, 0),
(427, 56, 26, 0),
(428, 56, 27, 0),
(429, 56, 28, 0),
(430, 56, 29, 0),
(431, 56, 30, 0),
(432, 56, 31, 0),
(433, 56, 32, 0),
(434, 56, 33, 0),
(435, 56, 34, 0),
(436, 56, 35, 0),
(437, 56, 36, 0),
(438, 56, 37, 0),
(439, 56, 38, 0),
(440, 56, 39, 0),
(441, 56, 40, 0),
(442, 56, 41, 0),
(443, 56, 42, 0),
(444, 56, 43, 0),
(445, 56, 44, 0),
(446, 56, 45, 0),
(447, 56, 46, 0),
(448, 56, 47, 0),
(449, 56, 48, 0),
(450, 56, 49, 0),
(451, 56, 50, 0),
(452, 56, 1, 0),
(453, 56, 51, 0),
(454, 56, 57, 0),
(455, 56, 53, 0),
(456, 56, 54, 0),
(457, 56, 55, 0),
(458, 56, 56, 0),
(459, 56, 58, 0),
(460, 56, 59, 0),
(461, 56, 60, 0),
(462, 56, 61, 0),
(463, 56, 62, 0),
(464, 56, 63, 0),
(465, 56, 64, 0),
(466, 56, 65, 0),
(467, 56, 66, 0),
(468, 56, 67, 0),
(469, 56, 68, 0),
(470, 56, 69, 0),
(471, 56, 70, 0),
(472, 56, 71, 0),
(473, 56, 72, 0),
(474, 56, 73, 0),
(475, 56, 74, 0),
(476, 56, 75, 0),
(477, 56, 78, 0),
(478, 56, 79, 0),
(479, 56, 80, 0),
(480, 32, 27, 0),
(481, 32, 8, 0),
(482, 32, 33, 0),
(483, 16, 39, 1),
(484, 50, 4, 0),
(485, 50, 5, 0),
(486, 50, 6, 0),
(487, 50, 7, 0),
(488, 50, 8, 0),
(489, 50, 9, 0),
(490, 50, 10, 0),
(491, 50, 11, 0),
(492, 50, 12, 0),
(493, 50, 13, 0),
(494, 50, 14, 0),
(495, 50, 15, 0),
(496, 50, 16, 0),
(497, 50, 17, 0),
(498, 50, 18, 0),
(499, 50, 19, 0),
(500, 50, 20, 0),
(501, 50, 21, 0),
(502, 50, 22, 0),
(503, 50, 23, 0),
(504, 50, 24, 0),
(505, 50, 25, 0),
(506, 50, 26, 0),
(507, 50, 27, 0),
(508, 50, 28, 0),
(509, 50, 29, 0),
(510, 50, 30, 0),
(511, 50, 31, 0),
(512, 50, 32, 0),
(513, 50, 33, 0),
(514, 50, 34, 0),
(515, 50, 35, 0),
(516, 50, 36, 0),
(517, 50, 37, 0),
(518, 50, 38, 0),
(519, 50, 39, 0),
(520, 50, 40, 0),
(521, 50, 41, 0),
(522, 50, 42, 0),
(523, 50, 43, 0),
(524, 50, 44, 0),
(525, 50, 45, 0),
(526, 50, 46, 0),
(527, 50, 47, 0),
(528, 50, 48, 0),
(529, 50, 49, 0),
(530, 50, 50, 0),
(531, 50, 1, 0),
(532, 50, 51, 0),
(533, 50, 57, 0),
(534, 50, 53, 0),
(535, 50, 54, 0),
(536, 50, 55, 0),
(537, 50, 56, 0),
(538, 50, 58, 0),
(539, 50, 59, 0),
(540, 50, 60, 0),
(541, 50, 61, 0),
(542, 50, 62, 0),
(543, 50, 63, 0),
(544, 50, 64, 0),
(545, 50, 65, 0),
(546, 50, 66, 0),
(547, 50, 67, 0),
(548, 50, 68, 0),
(549, 50, 69, 0),
(550, 50, 70, 0),
(551, 50, 71, 0),
(552, 50, 72, 0),
(553, 50, 73, 0),
(554, 50, 74, 0),
(555, 50, 75, 0),
(556, 50, 78, 0),
(557, 50, 79, 0),
(558, 50, 80, 0),
(559, 16, 50, 1),
(560, 16, 11, 1),
(561, 16, 7, 1),
(562, 16, 10, 1),
(563, 16, 48, 1),
(564, 16, 14, 1),
(565, 16, 47, 1),
(566, 16, 54, 1),
(567, 16, 68, 1),
(568, 16, 15, 1),
(569, 16, 35, 1),
(570, 16, 53, 1),
(571, 16, 63, 1),
(572, 16, 16, 1),
(573, 16, 37, 1),
(574, 16, 51, 1),
(575, 16, 62, 1),
(576, 16, 32, 1),
(577, 16, 34, 1),
(578, 16, 67, 1),
(579, 16, 64, 1),
(580, 16, 33, 1),
(581, 16, 82, 1),
(582, 16, 25, 1),
(583, 16, 60, 1),
(584, 16, 49, 1),
(585, 16, 36, 1),
(586, 16, 57, 1),
(587, 17, 50, 1),
(588, 17, 11, 1),
(589, 17, 7, 1),
(590, 17, 10, 1),
(591, 17, 48, 1),
(592, 17, 14, 1),
(593, 17, 47, 1),
(594, 17, 54, 1),
(595, 17, 68, 1),
(596, 17, 15, 1),
(597, 17, 35, 1),
(598, 17, 53, 1),
(599, 17, 63, 1),
(600, 17, 16, 1),
(601, 17, 37, 1),
(602, 17, 51, 1),
(603, 17, 62, 1),
(604, 17, 32, 1),
(605, 17, 34, 1),
(606, 17, 67, 1),
(607, 17, 64, 1),
(608, 17, 33, 1),
(609, 17, 82, 1),
(610, 17, 25, 1),
(611, 17, 60, 1),
(612, 17, 49, 1),
(613, 17, 36, 1),
(614, 17, 57, 1),
(615, 16, 83, 1),
(616, 16, 89, 1),
(617, 16, 88, 1),
(618, 16, 90, 1),
(619, 16, 91, 1),
(620, 16, 92, 1),
(621, 16, 93, 1),
(622, 16, 94, 1),
(623, 16, 95, 1),
(624, 16, 96, 1),
(625, 16, 97, 1),
(672, 17, 105, 1),
(671, 16, 105, 1),
(628, 17, 83, 1),
(645, 16, 27, 1),
(630, 17, 88, 1),
(631, 17, 89, 1),
(632, 17, 91, 1),
(633, 17, 92, 1),
(634, 17, 93, 1),
(635, 17, 94, 1),
(636, 17, 95, 1),
(637, 17, 96, 1),
(638, 17, 97, 1),
(642, 17, 61, 1),
(641, 16, 61, 1),
(644, 17, 90, 1),
(646, 17, 27, 1),
(647, 16, 17, 1),
(648, 17, 17, 1),
(649, 16, 18, 1),
(690, 16, 13, 1),
(651, 16, 28, 1),
(652, 16, 29, 1),
(653, 17, 28, 1),
(689, 16, 1, 1),
(655, 16, 31, 1),
(656, 17, 31, 1),
(657, 16, 98, 1),
(658, 16, 99, 1),
(659, 16, 100, 1),
(660, 16, 101, 1),
(661, 16, 102, 1),
(662, 16, 103, 1),
(663, 16, 104, 1),
(664, 17, 98, 1),
(665, 17, 99, 1),
(666, 17, 100, 1),
(667, 17, 101, 1),
(668, 17, 102, 1),
(669, 17, 103, 1),
(670, 17, 104, 1),
(673, 19, 105, 0),
(674, 19, 106, 0),
(675, 17, 106, 1),
(676, 16, 106, 1),
(677, 19, 42, 0),
(678, 19, 43, 0),
(679, 19, 44, 0),
(680, 19, 45, 0),
(681, 22, 12, 0),
(682, 22, 105, 0),
(683, 22, 58, 0),
(684, 22, 42, 0),
(685, 22, 106, 0),
(686, 22, 43, 0),
(687, 22, 44, 0),
(688, 22, 45, 0),
(691, 16, 19, 1),
(692, 16, 26, 1),
(693, 16, 30, 1),
(694, 16, 42, 1),
(695, 16, 43, 1),
(696, 16, 44, 1),
(697, 16, 45, 1),
(698, 17, 1, 1),
(699, 17, 13, 1),
(700, 17, 19, 1),
(701, 17, 26, 1),
(702, 17, 30, 1),
(703, 17, 42, 1),
(704, 17, 43, 1),
(705, 17, 44, 1),
(706, 17, 45, 1),
(707, 17, 18, 1),
(708, 17, 29, 1),
(709, 17, 39, 1),
(710, 17, 55, 1),
(711, 17, 56, 1),
(712, 17, 59, 1),
(713, 17, 72, 1),
(714, 17, 73, 1),
(715, 16, 73, 1),
(716, 56, 81, 0),
(717, 56, 82, 0),
(718, 56, 83, 0),
(719, 56, 98, 0),
(720, 56, 100, 0),
(721, 56, 101, 0),
(722, 56, 102, 0),
(723, 56, 103, 0),
(724, 56, 104, 0),
(725, 56, 105, 0),
(726, 56, 106, 0),
(727, 16, 74, 1),
(728, 17, 74, 1),
(729, 16, 72, 1),
(730, 16, 55, 1),
(731, 16, 56, 1),
(732, 16, 59, 1),
(733, 58, 1, 0),
(734, 58, 4, 0),
(735, 58, 5, 0),
(736, 58, 6, 0),
(737, 58, 7, 0),
(738, 58, 8, 0),
(739, 58, 9, 0),
(740, 58, 10, 0),
(741, 58, 11, 0),
(742, 58, 12, 0),
(743, 58, 13, 0),
(744, 58, 14, 0),
(745, 58, 15, 0),
(746, 58, 16, 0),
(747, 58, 17, 0),
(748, 58, 18, 0),
(749, 58, 19, 0),
(750, 58, 20, 0),
(751, 58, 21, 0),
(752, 58, 22, 0),
(753, 58, 23, 0),
(754, 58, 24, 0),
(755, 58, 25, 0),
(756, 58, 26, 0),
(757, 58, 27, 0),
(758, 58, 28, 0),
(759, 58, 29, 0),
(760, 58, 30, 0),
(761, 58, 31, 0),
(762, 58, 32, 0),
(763, 58, 33, 0),
(764, 58, 34, 0),
(765, 58, 35, 0),
(766, 58, 36, 0),
(767, 58, 37, 0),
(768, 58, 38, 0),
(769, 58, 39, 0),
(770, 58, 40, 0),
(771, 58, 41, 0),
(772, 58, 42, 0),
(773, 58, 43, 0),
(774, 58, 44, 0),
(775, 58, 45, 0),
(776, 58, 46, 0),
(777, 58, 47, 0),
(778, 58, 48, 0),
(779, 58, 49, 0),
(780, 58, 50, 0),
(781, 58, 51, 0),
(782, 58, 53, 0),
(783, 58, 54, 0),
(784, 58, 55, 0),
(785, 58, 58, 0),
(786, 58, 58, 0),
(787, 58, 58, 0),
(788, 58, 59, 0),
(789, 58, 60, 0),
(790, 58, 61, 0),
(791, 58, 62, 0),
(792, 58, 63, 0),
(793, 58, 64, 0),
(794, 58, 65, 0),
(795, 58, 66, 0),
(796, 58, 67, 0),
(797, 58, 68, 0),
(798, 58, 69, 0),
(799, 58, 70, 0),
(800, 58, 71, 0),
(801, 58, 72, 0),
(802, 58, 73, 0),
(803, 58, 74, 0),
(804, 58, 75, 0),
(805, 58, 78, 0),
(806, 58, 79, 0),
(807, 58, 80, 0),
(808, 58, 81, 0),
(809, 58, 82, 0),
(810, 58, 83, 0),
(811, 58, 98, 0),
(812, 58, 100, 0),
(813, 58, 101, 0),
(814, 58, 102, 0),
(815, 58, 103, 0),
(816, 58, 104, 0),
(817, 58, 105, 0),
(818, 58, 106, 0),
(819, 57, 1, 0),
(820, 57, 4, 0),
(821, 57, 5, 0),
(822, 57, 6, 0),
(823, 57, 7, 0),
(824, 57, 8, 0),
(825, 57, 9, 0),
(826, 57, 10, 0),
(827, 57, 11, 0),
(828, 57, 12, 0),
(829, 57, 13, 0),
(830, 57, 14, 0),
(831, 57, 15, 0),
(832, 57, 16, 0),
(833, 57, 17, 0),
(834, 57, 18, 0),
(835, 57, 19, 0),
(836, 57, 20, 0),
(837, 57, 21, 0),
(838, 57, 22, 0),
(839, 57, 23, 0),
(840, 57, 24, 0),
(841, 57, 25, 0),
(842, 57, 26, 0),
(843, 57, 27, 0),
(844, 57, 28, 0),
(845, 57, 29, 0),
(846, 57, 30, 0),
(847, 57, 31, 0),
(848, 57, 32, 0),
(849, 57, 33, 0),
(850, 57, 34, 0),
(851, 57, 35, 0),
(852, 57, 36, 0),
(853, 57, 37, 0),
(854, 57, 38, 0),
(855, 57, 39, 0),
(856, 57, 40, 0),
(857, 57, 41, 0),
(858, 57, 42, 0),
(859, 57, 43, 0),
(860, 57, 44, 0),
(861, 57, 45, 0),
(862, 57, 46, 0),
(863, 57, 47, 0),
(864, 57, 48, 0),
(865, 57, 49, 0),
(866, 57, 50, 0),
(867, 57, 51, 0),
(868, 57, 53, 0),
(869, 57, 54, 0),
(870, 57, 55, 0),
(871, 57, 57, 0),
(872, 57, 57, 0),
(873, 57, 58, 0),
(874, 57, 59, 0),
(875, 57, 60, 0),
(876, 57, 61, 0),
(877, 57, 62, 0),
(878, 57, 63, 0),
(879, 57, 64, 0),
(880, 57, 65, 0),
(881, 57, 66, 0),
(882, 57, 67, 0),
(883, 57, 68, 0),
(884, 57, 69, 0),
(885, 57, 70, 0),
(886, 57, 71, 0),
(887, 57, 72, 0),
(888, 57, 73, 0),
(889, 57, 74, 0),
(890, 57, 75, 0),
(891, 57, 78, 0),
(892, 57, 79, 0),
(893, 57, 80, 0),
(894, 57, 81, 0),
(895, 57, 82, 0),
(896, 57, 83, 0),
(897, 57, 98, 0),
(898, 57, 100, 0),
(899, 57, 101, 0),
(900, 57, 102, 0),
(901, 57, 103, 0),
(902, 57, 104, 0),
(903, 57, 105, 0),
(904, 57, 106, 0),
(913, 10, 65, 1),
(906, 25, 56, 1),
(914, 10, 66, 1),
(916, 10, 5, 1),
(912, 10, 8, 1),
(915, 10, 75, 1),
(911, 46, 72, 1),
(917, 10, 46, 1),
(918, 10, 69, 1),
(919, 10, 12, 1),
(920, 10, 20, 1),
(921, 10, 58, 1),
(922, 10, 4, 1),
(923, 10, 9, 1),
(924, 10, 22, 1),
(925, 10, 40, 1),
(926, 10, 41, 1),
(927, 10, 21, 1),
(928, 10, 6, 1),
(929, 10, 23, 1),
(930, 10, 24, 1),
(931, 10, 38, 1),
(932, 10, 70, 1),
(933, 10, 71, 1),
(934, 10, 78, 0),
(935, 10, 79, 0),
(936, 10, 80, 0),
(937, 10, 81, 0),
(938, 10, 39, 0),
(939, 10, 50, 1),
(940, 10, 11, 1),
(941, 10, 7, 1),
(942, 10, 10, 1),
(943, 10, 48, 0),
(944, 10, 14, 0),
(945, 10, 47, 0),
(946, 10, 54, 0),
(947, 10, 68, 0),
(948, 10, 15, 1),
(949, 10, 35, 0),
(950, 10, 53, 0),
(951, 10, 63, 1),
(952, 10, 10, 1),
(953, 10, 37, 0),
(954, 10, 51, 0),
(955, 10, 62, 1),
(956, 10, 32, 0),
(957, 10, 34, 0),
(958, 10, 67, 1),
(959, 10, 64, 0),
(960, 10, 33, 0),
(961, 10, 82, 0),
(962, 10, 25, 0),
(963, 10, 60, 1),
(964, 10, 49, 1),
(965, 10, 36, 0),
(966, 10, 57, 0),
(967, 10, 83, 0),
(968, 10, 89, 0),
(969, 10, 88, 0),
(970, 10, 90, 0),
(971, 10, 91, 0),
(972, 10, 92, 0),
(973, 10, 93, 0),
(974, 10, 94, 0),
(975, 10, 95, 0),
(976, 10, 96, 0),
(977, 10, 97, 0),
(978, 10, 61, 1),
(979, 10, 27, 0),
(980, 10, 17, 0),
(981, 10, 18, 0),
(982, 10, 28, 0),
(983, 10, 29, 0),
(984, 10, 31, 0),
(985, 10, 98, 0),
(986, 10, 99, 0),
(987, 10, 100, 0),
(988, 10, 101, 0),
(989, 10, 102, 0),
(990, 10, 103, 0),
(991, 10, 104, 0),
(992, 10, 105, 0),
(993, 10, 106, 0),
(994, 10, 1, 0),
(995, 10, 13, 0),
(996, 10, 19, 0),
(997, 10, 26, 0),
(998, 10, 30, 0),
(999, 10, 42, 0),
(1000, 10, 43, 0),
(1001, 10, 44, 0),
(1002, 10, 45, 0),
(1003, 10, 73, 0),
(1004, 10, 74, 0),
(1005, 10, 72, 0),
(1006, 10, 55, 0),
(1007, 10, 56, 0),
(1008, 10, 59, 0),
(1012, 62, 4, 0),
(1013, 62, 5, 0),
(1014, 62, 6, 0),
(1015, 62, 7, 0),
(1016, 62, 8, 0),
(1017, 62, 9, 0),
(1018, 62, 10, 0),
(1019, 62, 11, 0),
(1020, 62, 12, 0),
(1021, 62, 13, 0),
(1022, 62, 14, 0),
(1023, 62, 15, 0),
(1024, 62, 16, 0),
(1025, 62, 17, 0),
(1026, 62, 18, 0),
(1027, 62, 19, 0),
(1028, 62, 20, 0),
(1029, 62, 21, 0),
(1030, 62, 22, 0),
(1031, 62, 23, 0),
(1032, 62, 24, 0),
(1033, 62, 25, 0),
(1034, 62, 26, 0),
(1035, 62, 27, 0),
(1036, 62, 28, 0),
(1037, 62, 29, 0),
(1038, 62, 30, 0),
(1039, 62, 31, 0),
(1040, 62, 32, 0),
(1041, 62, 33, 0),
(1042, 62, 34, 0),
(1043, 62, 35, 0),
(1044, 62, 36, 0),
(1045, 62, 37, 0),
(1046, 62, 38, 0),
(1047, 62, 39, 0),
(1048, 62, 40, 0),
(1049, 62, 41, 0),
(1050, 62, 42, 0),
(1051, 62, 43, 0),
(1052, 62, 44, 0),
(1053, 62, 45, 0),
(1054, 62, 46, 0),
(1055, 62, 47, 0),
(1056, 62, 48, 0),
(1057, 62, 49, 0),
(1058, 62, 50, 0),
(1059, 62, 1, 0),
(1060, 62, 51, 0),
(1061, 62, 57, 0),
(1062, 62, 53, 0),
(1063, 62, 54, 0),
(1064, 62, 55, 0),
(1065, 62, 56, 0),
(1066, 62, 58, 0),
(1067, 62, 59, 0),
(1068, 62, 60, 0),
(1069, 62, 61, 0),
(1070, 62, 62, 0),
(1071, 62, 63, 0),
(1072, 62, 64, 0),
(1073, 62, 65, 0),
(1074, 62, 66, 0),
(1075, 62, 67, 0),
(1076, 62, 68, 0),
(1077, 62, 69, 0),
(1078, 62, 70, 0),
(1079, 62, 71, 0),
(1080, 62, 72, 0),
(1081, 62, 73, 0),
(1082, 62, 74, 0),
(1083, 62, 75, 0),
(1084, 62, 78, 0),
(1085, 62, 79, 0),
(1086, 62, 80, 0),
(1087, 63, 8, 0),
(1088, 63, 55, 0),
(1089, 64, 8, 0),
(1090, 64, 55, 0),
(1091, 65, 8, 0),
(1092, 65, 55, 0),
(1093, 10, 16, 1),
(1094, 66, 4, 0),
(1095, 66, 5, 0),
(1096, 66, 6, 0),
(1097, 66, 7, 0),
(1098, 66, 8, 0),
(1099, 66, 9, 0),
(1100, 66, 10, 0),
(1101, 66, 11, 0),
(1102, 66, 12, 0),
(1103, 66, 13, 0),
(1104, 66, 14, 0),
(1105, 66, 15, 0),
(1106, 66, 16, 0),
(1107, 66, 17, 0),
(1108, 66, 18, 0),
(1109, 66, 19, 0),
(1110, 66, 20, 0),
(1111, 66, 21, 0),
(1112, 66, 22, 0),
(1113, 66, 23, 0),
(1114, 66, 24, 0),
(1115, 66, 25, 0),
(1116, 66, 26, 0),
(1117, 66, 27, 0),
(1118, 66, 28, 0),
(1119, 66, 29, 0),
(1120, 66, 30, 0),
(1121, 66, 31, 0),
(1122, 66, 32, 0),
(1123, 66, 33, 0),
(1124, 66, 34, 0),
(1125, 66, 35, 0),
(1126, 66, 36, 0),
(1127, 66, 37, 0),
(1128, 66, 38, 0),
(1129, 66, 39, 0),
(1130, 66, 40, 0),
(1131, 66, 41, 0),
(1132, 66, 42, 0),
(1133, 66, 43, 0),
(1134, 66, 44, 0),
(1135, 66, 45, 0),
(1136, 66, 46, 0),
(1137, 66, 47, 0),
(1138, 66, 48, 0),
(1139, 66, 49, 0),
(1140, 66, 50, 0),
(1141, 66, 1, 0),
(1142, 66, 51, 0),
(1143, 66, 57, 0),
(1144, 66, 53, 0),
(1145, 66, 54, 0),
(1146, 66, 55, 0),
(1147, 66, 56, 0),
(1148, 66, 58, 0),
(1149, 66, 59, 0),
(1150, 66, 60, 0),
(1151, 66, 61, 0),
(1152, 66, 62, 0),
(1153, 66, 63, 0),
(1154, 66, 64, 0),
(1155, 66, 65, 0),
(1156, 66, 66, 0),
(1157, 66, 67, 0),
(1158, 66, 68, 0),
(1159, 66, 69, 0),
(1160, 66, 70, 0),
(1161, 66, 71, 0),
(1162, 66, 72, 0),
(1163, 66, 73, 0),
(1164, 66, 74, 0),
(1165, 66, 75, 0),
(1166, 66, 78, 0),
(1167, 66, 79, 0),
(1168, 66, 80, 0),
(1169, 66, 81, 1),
(1170, 66, 82, 1),
(1171, 66, 83, 1),
(1172, 66, 88, 1),
(1173, 66, 89, 1),
(1174, 66, 90, 1),
(1175, 66, 91, 1),
(1176, 66, 92, 1),
(1177, 66, 93, 1),
(1178, 66, 94, 1),
(1179, 66, 95, 1),
(1180, 66, 96, 1),
(1181, 66, 97, 1),
(1182, 66, 98, 1),
(1183, 66, 99, 1),
(1184, 66, 100, 1),
(1185, 66, 101, 1),
(1186, 66, 102, 1),
(1187, 66, 103, 1),
(1188, 66, 104, 1),
(1189, 66, 105, 1),
(1190, 66, 106, 1),
(1191, 47, 102, 1),
(1192, 47, 98, 1),
(1193, 67, 98, 1),
(1194, 67, 102, 1),
(1195, 68, 98, 1),
(1196, 68, 101, 1),
(1197, 69, 98, 1),
(1198, 69, 100, 1),
(1199, 70, 98, 1),
(1200, 70, 104, 1),
(1201, 71, 98, 1),
(1202, 71, 103, 1),
(1203, 72, 98, 1),
(1204, 72, 102, 1),
(1205, 72, 101, 1),
(1206, 72, 100, 1),
(1207, 72, 104, 1),
(1208, 72, 103, 1),
(1209, 73, 98, 1),
(1210, 73, 100, 1),
(1211, 73, 101, 1),
(1212, 73, 102, 1),
(1213, 73, 103, 1),
(1214, 73, 104, 1);

-- --------------------------------------------------------

--
-- Estructura de tabla para la tabla `tbl_usuarios`
--

CREATE TABLE `tbl_usuarios` (
  `USU_ID` int(11) NOT NULL,
  `USU_NOMBRE` varchar(25) NOT NULL,
  `USU_APELLIDO` varchar(25) NOT NULL,
  `USU_USUARIO` varchar(25) NOT NULL,
  `USU_CONTRASENA` varchar(25) NOT NULL,
  `USU_ESTADO` int(11) NOT NULL DEFAULT 0
) ENGINE=MyISAM DEFAULT CHARSET=utf8 COLLATE=utf8_general_ci;

--
-- Volcado de datos para la tabla `tbl_usuarios`
--

INSERT INTO `tbl_usuarios` (`USU_ID`, `USU_NOMBRE`, `USU_APELLIDO`, `USU_USUARIO`, `USU_CONTRASENA`, `USU_ESTADO`) VALUES
(1, 'Pepe', 'Pérez', 'pp27', '123', 0),
(2, 'Pepa', 'Pig', 'pig1', '456', 0),
(3, 'ACDV', '1', '1', '1', 0),
(4, 'ACDE', '2', '2', '2', 0),
(5, 'ACEV', '3', '3', '3', 0),
(6, 'ACDE', '4', '4', '4', 0),
(8, 'MAGV', '5', '5', '5', 0),
(9, 'MAGE', '6', '6', '6', 0),
(10, 'ERICK DAVID ', 'VELA BENITEZ', 'evela', '123456', 0),
(11, 'secretaria1', 'ape', 'sec1', '987123', 0),
(12, 'secretaria2', 'ape', 'sec2', '987123', 0),
(13, 'secretaria3', 'ape', 'sec3', '987123', 0),
(14, 'secretaria 4', 'ape', 'sec4', '987123', 0),
(15, 'secretaria 5', 'ape', 'sec5', '987123', 0),
(16, 'Silvia ', 'Arias Arias ', 'sarias', '987123', 0),
(17, 'Analid ', 'Narvaez', 'anarvaez', '987123', 0),
(18, 'TAMARA LISBETH ', 'VILLALBA', 'tvillalba', '987123', 0),
(19, 'SILVIA', 'CEVALLOS', 'scevallos', '987123', 0),
(20, 'ANGELICA ILIANA ', 'CADENA GARZON', 'acadena', '987123', 0),
(21, 'Sonia Elena ', 'Hidalgo Torres', 'shidalgo', '987123', 0),
(22, 'Edith Lucia', 'Yepez Pinto', 'eyepez', '987123', 0),
(23, 'Gabriela Lisbet', 'Delgado Flores', 'gdelgado', '987123', 0),
(24, 'Lilian Omaira ', 'Chandi Portilla', 'lchandi', '987123', 0),
(25, 'Maricela Portilla', 'Portilla', 'lportilla', '987123', 0),
(26, 'JOSE ISRAEL', 'GRIJALVA BEJARANO', 'jibarra', '987123', 0),
(27, 'JEYMY ALEXANDRA PAVON', '', 'japavonc', '987123', 0),
(28, 'Polett Pineda', '', 'yppineda', '987123', 0),
(36, 'Galo Puetate', '', 'gpuetate', '987123', 0),
(30, 'Johana Davila', '', 'jpdavilam', '987123', 0),
(31, 'ELIZABETH GUZMAN', '', 'epguzman', '987123', 1),
(32, 'Liliana Mejía', '', 'lmejia', '987123', 0),
(33, 'Daniel Diaz', '', 'dadiaz', '365987', 0),
(34, 'Pedro Arias', '', 'pmarias', '987123', 0),
(35, 'AMANDA VIVIANA TREJO', '', 'avtrejo', '741586', 0),
(45, 'Grisel Yepez', '', 'lgyepez1', '987123', 0),
(38, 'Laura Guerra', '', 'lrguerra', '987123', 0),
(39, 'Maricela Ormaza', '', 'mormaza', '987123', 0),
(40, 'Esteban Garrido', '', 'hegarrido', '987123', 0),
(41, 'Veronica Jaramillo', '', 'vgjaramillo', '987123', 0),
(42, 'Franklin Patiño', '', 'fhpatinio', '987123', 0),
(43, 'Viviana Trejo', '', 'avtrejo1', '987123', 0),
(44, 'David Rolando Narvaez', '', 'drnarvaez', '987123', 0),
(46, 'Eleazar Díaz', '', 'eldiaz', '987123', 0),
(47, 'Lorena Arellano', '', 'slarellano', '987123', 0),
(48, 'Ana Mafla', '', 'amafla', '987123', 0),
(49, 'Grace Bedón', '', 'gpbedon', '987123', 0),
(50, 'Andres Mier', '', 'amier', '987123', 0),
(51, 'Adrea Bracho', '', 'abracho', '987123', 0),
(52, 'Jesús Muñoz', '', 'jmunoz', '852147', 0),
(53, 'Yolanda Andramuño', '', 'yandramunio', '147258', 0),
(54, 'Ana Mafla', '', 'amafla', '8457', 0),
(55, 'Kim Vivero', '', 'kvivero', '4579', 0),
(56, 'Oscar Jara', '', 'ojara', '4687', 0),
(57, 'Verónical Carlosama', '', 'vcarlosama', '987123', 0),
(58, 'Gladys Terán', '', 'gteran', '987123', 0),
(61, 'MARIA CRISTINA POZO', '', 'mpozo', '987123', 0),
(62, 'Paola Salazar', '', 'psalazar', '987123', 0),
(63, 'Marco Alulema Paredes', '', 'malulema', '987123', 0),
(64, 'Francisco Guzman Toasa  ', '', 'fvguzmant', '987123', 0),
(65, 'Wilson Villarreal Saa ', '', 'wmvillarreal', '987123', 0),
(66, 'Luis Garcia', '', 'lagarcia', '987123', 0),
(67, 'Dayané Arroyo', '', 'dmarroyo', '987123', 0),
(68, 'Segundo Pusdá', '', 'sepusda', '987123', 0),
(69, 'Jennifer Barona', '', 'jkbaronap', '987123', 0),
(70, 'Lilian Bastidas', '', 'labastidas', '987123', 0),
(71, 'Valdemar Andrade', '', 'jvandrade1', '987123', 0),
(72, 'David Narváez', '', 'ldnarvaez', '987123', 0),
(73, 'Angélica Cadena', '', 'acadena', '987123', 0);

--
-- Índices para tablas volcadas
--

--
-- Indices de la tabla `tbl_campus`
--
ALTER TABLE `tbl_campus`
  ADD PRIMARY KEY (`campus_id`);

--
-- Indices de la tabla `tbl_carrera`
--
ALTER TABLE `tbl_carrera`
  ADD PRIMARY KEY (`CAR_ID`);

--
-- Indices de la tabla `tbl_carrera_tipo`
--
ALTER TABLE `tbl_carrera_tipo`
  ADD PRIMARY KEY (`CTIP_ID`);

--
-- Indices de la tabla `tbl_escuela`
--
ALTER TABLE `tbl_escuela`
  ADD PRIMARY KEY (`esc_id`);

--
-- Indices de la tabla `tbl_estadistica_matriz`
--
ALTER TABLE `tbl_estadistica_matriz`
  ADD PRIMARY KEY (`ESTM_ID`);

--
-- Indices de la tabla `tbl_estudiante`
--
ALTER TABLE `tbl_estudiante`
  ADD PRIMARY KEY (`EST_ID`);

--
-- Indices de la tabla `tbl_modalida_titulacion`
--
ALTER TABLE `tbl_modalida_titulacion`
  ADD PRIMARY KEY (`MODT_ID`);

--
-- Indices de la tabla `tbl_periodo`
--
ALTER TABLE `tbl_periodo`
  ADD PRIMARY KEY (`PER_ID`);

--
-- Indices de la tabla `tbl_rol`
--
ALTER TABLE `tbl_rol`
  ADD PRIMARY KEY (`ROL_ID`);

--
-- Indices de la tabla `tbl_rol_ruta`
--
ALTER TABLE `tbl_rol_ruta`
  ADD PRIMARY KEY (`ROLR_ID`);

--
-- Indices de la tabla `tbl_rol_usuario`
--
ALTER TABLE `tbl_rol_usuario`
  ADD PRIMARY KEY (`ROLU_ID`);

--
-- Indices de la tabla `tbl_rutas`
--
ALTER TABLE `tbl_rutas`
  ADD PRIMARY KEY (`RUT_ID`);

--
-- Indices de la tabla `tbl_secretaria_carrera_rol`
--
ALTER TABLE `tbl_secretaria_carrera_rol`
  ADD PRIMARY KEY (`SECARO_ID`);

--
-- Indices de la tabla `tbl_usuarios`
--
ALTER TABLE `tbl_usuarios`
  ADD PRIMARY KEY (`USU_ID`);

--
-- AUTO_INCREMENT de las tablas volcadas
--

--
-- AUTO_INCREMENT de la tabla `tbl_campus`
--
ALTER TABLE `tbl_campus`
  MODIFY `campus_id` int(11) NOT NULL AUTO_INCREMENT, AUTO_INCREMENT=3;

--
-- AUTO_INCREMENT de la tabla `tbl_carrera`
--
ALTER TABLE `tbl_carrera`
  MODIFY `CAR_ID` int(11) NOT NULL AUTO_INCREMENT, AUTO_INCREMENT=211;

--
-- AUTO_INCREMENT de la tabla `tbl_carrera_tipo`
--
ALTER TABLE `tbl_carrera_tipo`
  MODIFY `CTIP_ID` int(11) NOT NULL AUTO_INCREMENT, AUTO_INCREMENT=4;

--
-- AUTO_INCREMENT de la tabla `tbl_escuela`
--
ALTER TABLE `tbl_escuela`
  MODIFY `esc_id` int(11) NOT NULL AUTO_INCREMENT, AUTO_INCREMENT=24;

--
-- AUTO_INCREMENT de la tabla `tbl_estadistica_matriz`
--
ALTER TABLE `tbl_estadistica_matriz`
  MODIFY `ESTM_ID` int(11) NOT NULL AUTO_INCREMENT, AUTO_INCREMENT=912;

--
-- AUTO_INCREMENT de la tabla `tbl_estudiante`
--
ALTER TABLE `tbl_estudiante`
  MODIFY `EST_ID` int(11) NOT NULL AUTO_INCREMENT, AUTO_INCREMENT=4;

--
-- AUTO_INCREMENT de la tabla `tbl_modalida_titulacion`
--
ALTER TABLE `tbl_modalida_titulacion`
  MODIFY `MODT_ID` int(11) NOT NULL AUTO_INCREMENT, AUTO_INCREMENT=5;

--
-- AUTO_INCREMENT de la tabla `tbl_periodo`
--
ALTER TABLE `tbl_periodo`
  MODIFY `PER_ID` int(11) NOT NULL AUTO_INCREMENT, AUTO_INCREMENT=108;

--
-- AUTO_INCREMENT de la tabla `tbl_rol`
--
ALTER TABLE `tbl_rol`
  MODIFY `ROL_ID` int(11) NOT NULL AUTO_INCREMENT, AUTO_INCREMENT=15;

--
-- AUTO_INCREMENT de la tabla `tbl_rol_ruta`
--
ALTER TABLE `tbl_rol_ruta`
  MODIFY `ROLR_ID` int(11) NOT NULL AUTO_INCREMENT, AUTO_INCREMENT=36;

--
-- AUTO_INCREMENT de la tabla `tbl_rol_usuario`
--
ALTER TABLE `tbl_rol_usuario`
  MODIFY `ROLU_ID` int(11) NOT NULL AUTO_INCREMENT, AUTO_INCREMENT=73;

--
-- AUTO_INCREMENT de la tabla `tbl_rutas`
--
ALTER TABLE `tbl_rutas`
  MODIFY `RUT_ID` int(11) NOT NULL AUTO_INCREMENT, AUTO_INCREMENT=12;

--
-- AUTO_INCREMENT de la tabla `tbl_secretaria_carrera_rol`
--
ALTER TABLE `tbl_secretaria_carrera_rol`
  MODIFY `SECARO_ID` int(11) NOT NULL AUTO_INCREMENT, AUTO_INCREMENT=1215;

--
-- AUTO_INCREMENT de la tabla `tbl_usuarios`
--
ALTER TABLE `tbl_usuarios`
  MODIFY `USU_ID` int(11) NOT NULL AUTO_INCREMENT, AUTO_INCREMENT=74;
COMMIT;

/*!40101 SET CHARACTER_SET_CLIENT=@OLD_CHARACTER_SET_CLIENT */;
/*!40101 SET CHARACTER_SET_RESULTS=@OLD_CHARACTER_SET_RESULTS */;
/*!40101 SET COLLATION_CONNECTION=@OLD_COLLATION_CONNECTION */;
